run_name,model_name,pod_rank,dmdc_rank,n_delays,center,scale,train_rollout_rmse,test_rollout_rmse,generalization_gap,generalization_ratio,spectral_radius,n_unstable_eigenvalues,stability_status,status,error_message,variant,surface,run_dir
run_099__adaptive_dmdc__pod2__dmdcfull__delay4,adaptive_dmdc,2.0,full,4,True,False,0.1650311923595554,0.1639387094252628,-0.0010924829342925,0.9933801427556048,6.562900910248169,7.0,potentially_unstable,ok,,with_h,broader_tuned_surface,outputs/overnight_sweeps/jsalt2_with_h_pair_20260601
run_111__adaptive_dmdc__pod3__dmdcfull__delay4,adaptive_dmdc,3.0,full,4,True,False,0.1650311923595554,0.1639387094252628,-0.0010924829342925,0.9933801427556048,6.562900910248169,7.0,potentially_unstable,ok,,with_h,broader_tuned_surface,outputs/overnight_sweeps/jsalt2_with_h_pair_20260601
run_123__adaptive_dmdc__pod4__dmdcfull__delay4,adaptive_dmdc,4.0,full,4,True,False,0.1650311923595554,0.1639387094252628,-0.0010924829342925,0.9933801427556048,6.562900910248169,7.0,potentially_unstable,ok,,with_h,broader_tuned_surface,outputs/overnight_sweeps/jsalt2_with_h_pair_20260601
run_135__adaptive_dmdc__pod0p999__dmdcfull__delay4,adaptive_dmdc,0.999,full,4,True,False,0.1650311923595554,0.1639387094252628,-0.0010924829342925,0.9933801427556048,6.562900910248169,7.0,potentially_unstable,ok,,with_h,broader_tuned_surface,outputs/overnight_sweeps/jsalt2_with_h_pair_20260601
run_147__dmdc__pod2__dmdcfull__delay4,dmdc,2.0,full,4,True,False,0.1745561409685314,0.1740719174067936,-0.0004842235617378,0.9972259723487752,0.999999282847,0.0,marginal,ok,,with_h,broader_tuned_surface,outputs/overnight_sweeps/jsalt2_with_h_pair_20260601
run_159__dmdc__pod3__dmdcfull__delay4,dmdc,3.0,full,4,True,False,0.1745561409685314,0.1740719174067936,-0.0004842235617378,0.9972259723487752,0.999999282847,0.0,marginal,ok,,with_h,broader_tuned_surface,outputs/overnight_sweeps/jsalt2_with_h_pair_20260601
run_171__dmdc__pod4__dmdcfull__delay4,dmdc,4.0,full,4,True,False,0.1745561409685314,0.1740719174067936,-0.0004842235617378,0.9972259723487752,0.999999282847,0.0,marginal,ok,,with_h,broader_tuned_surface,outputs/overnight_sweeps/jsalt2_with_h_pair_20260601
run_183__dmdc__pod0p999__dmdcfull__delay4,dmdc,0.999,full,4,True,False,0.1745561409685314,0.1740719174067936,-0.0004842235617378,0.9972259723487752,0.999999282847,0.0,marginal,ok,,with_h,broader_tuned_surface,outputs/overnight_sweeps/jsalt2_with_h_pair_20260601
run_195__ridge_dmdc__pod2__dmdcfull__delay4,ridge_dmdc,2.0,full,4,True,False,0.2386712845368352,0.2489508299289733,0.0102795453921381,1.0430698875739768,0.9999988109184124,0.0,stable_by_spectral_radius,ok,,with_h,broader_tuned_surface,outputs/overnight_sweeps/jsalt2_with_h_pair_20260601
run_207__ridge_dmdc__pod3__dmdcfull__delay4,ridge_dmdc,3.0,full,4,True,False,0.2386712845368352,0.2489508299289733,0.0102795453921381,1.0430698875739768,0.9999988109184124,0.0,stable_by_spectral_radius,ok,,with_h,broader_tuned_surface,outputs/overnight_sweeps/jsalt2_with_h_pair_20260601
run_219__ridge_dmdc__pod4__dmdcfull__delay4,ridge_dmdc,4.0,full,4,True,False,0.2386712845368352,0.2489508299289733,0.0102795453921381,1.0430698875739768,0.9999988109184124,0.0,stable_by_spectral_radius,ok,,with_h,broader_tuned_surface,outputs/overnight_sweeps/jsalt2_with_h_pair_20260601
run_231__ridge_dmdc__pod0p999__dmdcfull__delay4,ridge_dmdc,0.999,full,4,True,False,0.2386712845368352,0.2489508299289733,0.0102795453921381,1.0430698875739768,0.9999988109184124,0.0,stable_by_spectral_radius,ok,,with_h,broader_tuned_surface,outputs/overnight_sweeps/jsalt2_with_h_pair_20260601
run_146__dmdc__pod2__dmdcfull__delay2,dmdc,2.0,full,2,True,False,0.3138657351107449,0.3033445210667888,-0.0105212140439561,0.966478615321791,0.9999998440978772,0.0,marginal,ok,,with_h,broader_tuned_surface,outputs/overnight_sweeps/jsalt2_with_h_pair_20260601
run_158__dmdc__pod3__dmdcfull__delay2,dmdc,3.0,full,2,True,False,0.3138657351107449,0.3033445210667888,-0.0105212140439561,0.966478615321791,0.9999998440978772,0.0,marginal,ok,,with_h,broader_tuned_surface,outputs/overnight_sweeps/jsalt2_with_h_pair_20260601
run_170__dmdc__pod4__dmdcfull__delay2,dmdc,4.0,full,2,True,False,0.3138657351107449,0.3033445210667888,-0.0105212140439561,0.966478615321791,0.9999998440978772,0.0,marginal,ok,,with_h,broader_tuned_surface,outputs/overnight_sweeps/jsalt2_with_h_pair_20260601
run_182__dmdc__pod0p999__dmdcfull__delay2,dmdc,0.999,full,2,True,False,0.3138657351107449,0.3033445210667888,-0.0105212140439561,0.966478615321791,0.9999998440978772,0.0,marginal,ok,,with_h,broader_tuned_surface,outputs/overnight_sweeps/jsalt2_with_h_pair_20260601
run_098__adaptive_dmdc__pod2__dmdcfull__delay2,adaptive_dmdc,2.0,full,2,True,False,0.4751225137979906,0.3143826070797238,-0.1607399067182667,0.6616874552347375,2.2669944686679275,1.0,potentially_unstable,ok,,with_h,broader_tuned_surface,outputs/overnight_sweeps/jsalt2_with_h_pair_20260601
run_110__adaptive_dmdc__pod3__dmdcfull__delay2,adaptive_dmdc,3.0,full,2,True,False,0.4751225137979906,0.3143826070797238,-0.1607399067182667,0.6616874552347375,2.2669944686679275,1.0,potentially_unstable,ok,,with_h,broader_tuned_surface,outputs/overnight_sweeps/jsalt2_with_h_pair_20260601
run_122__adaptive_dmdc__pod4__dmdcfull__delay2,adaptive_dmdc,4.0,full,2,True,False,0.4751225137979906,0.3143826070797238,-0.1607399067182667,0.6616874552347375,2.2669944686679275,1.0,potentially_unstable,ok,,with_h,broader_tuned_surface,outputs/overnight_sweeps/jsalt2_with_h_pair_20260601
run_134__adaptive_dmdc__pod0p999__dmdcfull__delay2,adaptive_dmdc,0.999,full,2,True,False,0.4751225137979906,0.3143826070797238,-0.1607399067182667,0.6616874552347375,2.2669944686679275,1.0,potentially_unstable,ok,,with_h,broader_tuned_surface,outputs/overnight_sweeps/jsalt2_with_h_pair_20260601
run_267__pod_dmdc__pod4__dmdcfull__delay4,pod_dmdc,4.0,full,4,True,False,0.2988540669933602,0.3157709826640715,0.0169169156707112,1.0566059409560826,0.9950849641824068,0.0,stable_by_spectral_radius,ok,,with_h,broader_tuned_surface,outputs/overnight_sweeps/jsalt2_with_h_pair_20260601
run_279__pod_dmdc__pod0p999__dmdcfull__delay4,pod_dmdc,0.999,full,4,True,False,0.2988540669933602,0.3157709826640715,0.0169169156707112,1.0566059409560826,0.9950849641824068,0.0,stable_by_spectral_radius,ok,,with_h,broader_tuned_surface,outputs/overnight_sweeps/jsalt2_with_h_pair_20260601
run_266__pod_dmdc__pod4__dmdcfull__delay2,pod_dmdc,4.0,full,2,True,False,0.3102317397829101,0.3263445070867352,0.0161127673038251,1.0519378427078427,0.9950916268747918,0.0,stable_by_spectral_radius,ok,,with_h,broader_tuned_surface,outputs/overnight_sweeps/jsalt2_with_h_pair_20260601
run_278__pod_dmdc__pod0p999__dmdcfull__delay2,pod_dmdc,0.999,full,2,True,False,0.3102317397829101,0.3263445070867352,0.0161127673038251,1.0519378427078427,0.9950916268747918,0.0,stable_by_spectral_radius,ok,,with_h,broader_tuned_surface,outputs/overnight_sweeps/jsalt2_with_h_pair_20260601
run_265__pod_dmdc__pod4__dmdcfull__delay1,pod_dmdc,4.0,full,1,True,False,0.3148305154924956,0.3308193645856169,0.0159888490931213,1.0507855760681573,0.9950743257826972,0.0,stable_by_spectral_radius,ok,,with_h,broader_tuned_surface,outputs/overnight_sweeps/jsalt2_with_h_pair_20260601
run_277__pod_dmdc__pod0p999__dmdcfull__delay1,pod_dmdc,0.999,full,1,True,False,0.3148305154924956,0.3308193645856169,0.0159888490931213,1.0507855760681573,0.9950743257826972,0.0,stable_by_spectral_radius,ok,,with_h,broader_tuned_surface,outputs/overnight_sweeps/jsalt2_with_h_pair_20260601
run_194__ridge_dmdc__pod2__dmdcfull__delay2,ridge_dmdc,2.0,full,2,True,False,0.328210664346538,0.3343789401468788,0.0061682758003407,1.018793648319203,0.9999990164767064,0.0,marginal,ok,,with_h,broader_tuned_surface,outputs/overnight_sweeps/jsalt2_with_h_pair_20260601
run_206__ridge_dmdc__pod3__dmdcfull__delay2,ridge_dmdc,3.0,full,2,True,False,0.328210664346538,0.3343789401468788,0.0061682758003407,1.018793648319203,0.9999990164767064,0.0,marginal,ok,,with_h,broader_tuned_surface,outputs/overnight_sweeps/jsalt2_with_h_pair_20260601
run_218__ridge_dmdc__pod4__dmdcfull__delay2,ridge_dmdc,4.0,full,2,True,False,0.328210664346538,0.3343789401468788,0.0061682758003407,1.018793648319203,0.9999990164767064,0.0,marginal,ok,,with_h,broader_tuned_surface,outputs/overnight_sweeps/jsalt2_with_h_pair_20260601
run_230__ridge_dmdc__pod0p999__dmdcfull__delay2,ridge_dmdc,0.999,full,2,True,False,0.328210664346538,0.3343789401468788,0.0061682758003407,1.018793648319203,0.9999990164767064,0.0,marginal,ok,,with_h,broader_tuned_surface,outputs/overnight_sweeps/jsalt2_with_h_pair_20260601
run_276__pod_dmdc__pod4__dmdc4__delay4,pod_dmdc,4.0,4,4,True,False,0.3618635700536727,0.3591812014218813,-0.0026823686317913,0.9925873482334971,0.9951173097193994,0.0,stable_by_spectral_radius,ok,,with_h,broader_tuned_surface,outputs/overnight_sweeps/jsalt2_with_h_pair_20260601
run_288__pod_dmdc__pod0p999__dmdc4__delay4,pod_dmdc,0.999,4,4,True,False,0.3618635700536727,0.3591812014218813,-0.0026823686317913,0.9925873482334971,0.9951173097193994,0.0,stable_by_spectral_radius,ok,,with_h,broader_tuned_surface,outputs/overnight_sweeps/jsalt2_with_h_pair_20260601
run_275__pod_dmdc__pod4__dmdc4__delay2,pod_dmdc,4.0,4,2,True,False,0.3717014551054435,0.3687751961393435,-0.0029262589660999,0.9921273943754944,0.9951246787569504,0.0,stable_by_spectral_radius,ok,,with_h,broader_tuned_surface,outputs/overnight_sweeps/jsalt2_with_h_pair_20260601
run_287__pod_dmdc__pod0p999__dmdc4__delay2,pod_dmdc,0.999,4,2,True,False,0.3717014551054435,0.3687751961393435,-0.0029262589660999,0.9921273943754944,0.9951246787569504,0.0,stable_by_spectral_radius,ok,,with_h,broader_tuned_surface,outputs/overnight_sweeps/jsalt2_with_h_pair_20260601
run_274__pod_dmdc__pod4__dmdc4__delay1,pod_dmdc,4.0,4,1,True,False,0.3755524931183125,0.3728262388816481,-0.0027262542366644,0.9927406839613082,0.9951078207961048,0.0,stable_by_spectral_radius,ok,,with_h,broader_tuned_surface,outputs/overnight_sweeps/jsalt2_with_h_pair_20260601
run_286__pod_dmdc__pod0p999__dmdc4__delay1,pod_dmdc,0.999,4,1,True,False,0.3755524931183125,0.3728262388816481,-0.0027262542366644,0.9927406839613082,0.9951078207961048,0.0,stable_by_spectral_radius,ok,,with_h,broader_tuned_surface,outputs/overnight_sweeps/jsalt2_with_h_pair_20260601
run_255__pod_dmdc__pod3__dmdcfull__delay4,pod_dmdc,3.0,full,4,True,False,0.4072339740283941,0.4125522146375133,0.0053182406091192,1.013059422711005,0.992955404265368,0.0,stable_by_spectral_radius,ok,,with_h,broader_tuned_surface,outputs/overnight_sweeps/jsalt2_with_h_pair_20260601
run_264__pod_dmdc__pod3__dmdc4__delay4,pod_dmdc,3.0,4,4,True,False,0.4072339740283941,0.4125522146375133,0.0053182406091192,1.013059422711005,0.992955404265368,0.0,stable_by_spectral_radius,ok,,with_h,broader_tuned_surface,outputs/overnight_sweeps/jsalt2_with_h_pair_20260601
run_254__pod_dmdc__pod3__dmdcfull__delay2,pod_dmdc,3.0,full,2,True,False,0.4170541171363881,0.4225276027183539,0.0054734855819658,1.0131241614866395,0.9932578636482128,0.0,stable_by_spectral_radius,ok,,with_h,broader_tuned_surface,outputs/overnight_sweeps/jsalt2_with_h_pair_20260601
run_263__pod_dmdc__pod3__dmdc4__delay2,pod_dmdc,3.0,4,2,True,False,0.4170541171363881,0.4225276027183539,0.0054734855819658,1.0131241614866395,0.9932578636482128,0.0,stable_by_spectral_radius,ok,,with_h,broader_tuned_surface,outputs/overnight_sweeps/jsalt2_with_h_pair_20260601
run_253__pod_dmdc__pod3__dmdcfull__delay1,pod_dmdc,3.0,full,1,True,False,0.4218585129317282,0.4274017554834949,0.0055432425517667,1.0131400514197135,0.9934056302719184,0.0,stable_by_spectral_radius,ok,,with_h,broader_tuned_surface,outputs/overnight_sweeps/jsalt2_with_h_pair_20260601
run_262__pod_dmdc__pod3__dmdc4__delay1,pod_dmdc,3.0,4,1,True,False,0.4218585129317282,0.4274017554834949,0.0055432425517667,1.0131400514197135,0.9934056302719184,0.0,stable_by_spectral_radius,ok,,with_h,broader_tuned_surface,outputs/overnight_sweeps/jsalt2_with_h_pair_20260601
run_273__pod_dmdc__pod4__dmdc3__delay4,pod_dmdc,4.0,3,4,True,False,0.438401560635853,0.4352624957605544,-0.0031390648752986,0.9928397497701748,0.992946403172044,0.0,stable_by_spectral_radius,ok,,with_h,broader_tuned_surface,outputs/overnight_sweeps/jsalt2_with_h_pair_20260601
run_285__pod_dmdc__pod0p999__dmdc3__delay4,pod_dmdc,0.999,3,4,True,False,0.438401560635853,0.4352624957605544,-0.0031390648752986,0.9928397497701748,0.992946403172044,0.0,stable_by_spectral_radius,ok,,with_h,broader_tuned_surface,outputs/overnight_sweeps/jsalt2_with_h_pair_20260601
run_261__pod_dmdc__pod3__dmdc3__delay4,pod_dmdc,3.0,3,4,True,False,0.4388240275764129,0.4356939107606716,-0.0031301168157412,0.9928670341206504,0.9929463942008409,0.0,stable_by_spectral_radius,ok,,with_h,broader_tuned_surface,outputs/overnight_sweeps/jsalt2_with_h_pair_20260601
run_272__pod_dmdc__pod4__dmdc3__delay2,pod_dmdc,4.0,3,2,True,False,0.4479375715033594,0.4450371815303562,-0.0029003899730031,0.993525012953772,0.9932488984313592,0.0,stable_by_spectral_radius,ok,,with_h,broader_tuned_surface,outputs/overnight_sweeps/jsalt2_with_h_pair_20260601
run_284__pod_dmdc__pod0p999__dmdc3__delay2,pod_dmdc,0.999,3,2,True,False,0.4479375715033594,0.4450371815303562,-0.0029003899730031,0.993525012953772,0.9932488984313592,0.0,stable_by_spectral_radius,ok,,with_h,broader_tuned_surface,outputs/overnight_sweeps/jsalt2_with_h_pair_20260601
run_260__pod_dmdc__pod3__dmdc3__delay2,pod_dmdc,3.0,3,2,True,False,0.4482985258492906,0.4454064111203247,-0.0028921147289658,0.9935486856141522,0.9932488870139884,0.0,stable_by_spectral_radius,ok,,with_h,broader_tuned_surface,outputs/overnight_sweeps/jsalt2_with_h_pair_20260601
run_271__pod_dmdc__pod4__dmdc3__delay1,pod_dmdc,4.0,3,1,True,False,0.4525585866883432,0.4498051588412156,-0.0027534278471276,0.9939158643143284,0.9933966695974492,0.0,stable_by_spectral_radius,ok,,with_h,broader_tuned_surface,outputs/overnight_sweeps/jsalt2_with_h_pair_20260601
run_283__pod_dmdc__pod0p999__dmdc3__delay1,pod_dmdc,0.999,3,1,True,False,0.4525585866883432,0.4498051588412156,-0.0027534278471276,0.9939158643143284,0.9933966695974492,0.0,stable_by_spectral_radius,ok,,with_h,broader_tuned_surface,outputs/overnight_sweeps/jsalt2_with_h_pair_20260601
run_259__pod_dmdc__pod3__dmdc3__delay1,pod_dmdc,3.0,3,1,True,False,0.4528971852386617,0.4501539793938803,-0.0027432058447813,0.9939429832328592,0.9933966567193836,0.0,stable_by_spectral_radius,ok,,with_h,broader_tuned_surface,outputs/overnight_sweeps/jsalt2_with_h_pair_20260601
run_243__pod_dmdc__pod2__dmdcfull__delay4,pod_dmdc,2.0,full,4,True,False,0.4528373661639994,0.454011039393821,0.0011736732298215,1.002591820634776,0.9932665417836236,0.0,stable_by_spectral_radius,ok,,with_h,broader_tuned_surface,outputs/overnight_sweeps/jsalt2_with_h_pair_20260601
run_249__pod_dmdc__pod2__dmdc3__delay4,pod_dmdc,2.0,3,4,True,False,0.4528373661639994,0.454011039393821,0.0011736732298215,1.002591820634776,0.9932665417836236,0.0,stable_by_spectral_radius,ok,,with_h,broader_tuned_surface,outputs/overnight_sweeps/jsalt2_with_h_pair_20260601
run_252__pod_dmdc__pod2__dmdc4__delay4,pod_dmdc,2.0,4,4,True,False,0.4528373661639994,0.454011039393821,0.0011736732298215,1.002591820634776,0.9932665417836236,0.0,stable_by_spectral_radius,ok,,with_h,broader_tuned_surface,outputs/overnight_sweeps/jsalt2_with_h_pair_20260601
run_270__pod_dmdc__pod4__dmdc2__delay4,pod_dmdc,4.0,2,4,True,False,0.4589997690130954,0.4592694327918468,0.0002696637787513,1.0005875030816054,0.9932601838846652,0.0,stable_by_spectral_radius,ok,,with_h,broader_tuned_surface,outputs/overnight_sweeps/jsalt2_with_h_pair_20260601
run_282__pod_dmdc__pod0p999__dmdc2__delay4,pod_dmdc,0.999,2,4,True,False,0.4589997690130954,0.4592694327918468,0.0002696637787513,1.0005875030816054,0.9932601838846652,0.0,stable_by_spectral_radius,ok,,with_h,broader_tuned_surface,outputs/overnight_sweeps/jsalt2_with_h_pair_20260601
run_258__pod_dmdc__pod3__dmdc2__delay4,pod_dmdc,3.0,2,4,True,False,0.4594875812710578,0.4597533699507136,0.0002657886796557,1.0005784458394296,0.9932601826711328,0.0,stable_by_spectral_radius,ok,,with_h,broader_tuned_surface,outputs/overnight_sweeps/jsalt2_with_h_pair_20260601
run_242__pod_dmdc__pod2__dmdcfull__delay2,pod_dmdc,2.0,full,2,True,False,0.4586997636836002,0.4599674032523495,0.0012676395687493,1.0027635496442586,0.9933139341707512,0.0,stable_by_spectral_radius,ok,,with_h,broader_tuned_surface,outputs/overnight_sweeps/jsalt2_with_h_pair_20260601
run_248__pod_dmdc__pod2__dmdc3__delay2,pod_dmdc,2.0,3,2,True,False,0.4586997636836002,0.4599674032523495,0.0012676395687493,1.0027635496442586,0.9933139341707512,0.0,stable_by_spectral_radius,ok,,with_h,broader_tuned_surface,outputs/overnight_sweeps/jsalt2_with_h_pair_20260601
run_251__pod_dmdc__pod2__dmdc4__delay2,pod_dmdc,2.0,4,2,True,False,0.4586997636836002,0.4599674032523495,0.0012676395687493,1.0027635496442586,0.9933139341707512,0.0,stable_by_spectral_radius,ok,,with_h,broader_tuned_surface,outputs/overnight_sweeps/jsalt2_with_h_pair_20260601
run_246__pod_dmdc__pod2__dmdc2__delay4,pod_dmdc,2.0,2,4,True,False,0.4607881810875476,0.4610463082935405,0.0002581272059928,1.0005601862560445,0.9932603881469256,0.0,stable_by_spectral_radius,ok,,with_h,broader_tuned_surface,outputs/overnight_sweeps/jsalt2_with_h_pair_20260601
run_241__pod_dmdc__pod2__dmdcfull__delay1,pod_dmdc,2.0,full,1,True,False,0.4615546509243651,0.4628351064060097,0.0012804554816445,1.0027742228988057,0.9933354351380642,0.0,stable_by_spectral_radius,ok,,with_h,broader_tuned_surface,outputs/overnight_sweeps/jsalt2_with_h_pair_20260601
run_247__pod_dmdc__pod2__dmdc3__delay1,pod_dmdc,2.0,3,1,True,False,0.4615546509243651,0.4628351064060097,0.0012804554816445,1.0027742228988057,0.9933354351380642,0.0,stable_by_spectral_radius,ok,,with_h,broader_tuned_surface,outputs/overnight_sweeps/jsalt2_with_h_pair_20260601
run_250__pod_dmdc__pod2__dmdc4__delay1,pod_dmdc,2.0,4,1,True,False,0.4615546509243651,0.4628351064060097,0.0012804554816445,1.0027742228988057,0.9933354351380642,0.0,stable_by_spectral_radius,ok,,with_h,broader_tuned_surface,outputs/overnight_sweeps/jsalt2_with_h_pair_20260601
run_269__pod_dmdc__pod4__dmdc2__delay2,pod_dmdc,4.0,2,2,True,False,0.4648735801860401,0.4653018719632102,0.0004282917771701,1.000921308061858,0.9933078387811878,0.0,stable_by_spectral_radius,ok,,with_h,broader_tuned_surface,outputs/overnight_sweeps/jsalt2_with_h_pair_20260601
run_281__pod_dmdc__pod0p999__dmdc2__delay2,pod_dmdc,0.999,2,2,True,False,0.4648735801860401,0.4653018719632102,0.0004282917771701,1.000921308061858,0.9933078387811878,0.0,stable_by_spectral_radius,ok,,with_h,broader_tuned_surface,outputs/overnight_sweeps/jsalt2_with_h_pair_20260601
run_257__pod_dmdc__pod3__dmdc2__delay2,pod_dmdc,3.0,2,2,True,False,0.4652959765636585,0.4657205992237327,0.0004246226600742,1.000912586141858,0.9933078374909812,0.0,stable_by_spectral_radius,ok,,with_h,broader_tuned_surface,outputs/overnight_sweeps/jsalt2_with_h_pair_20260601
run_245__pod_dmdc__pod2__dmdc2__delay2,pod_dmdc,2.0,2,2,True,False,0.4665924886644512,0.4670089220760141,0.0004164334115629,1.0008924991757902,0.9933080240095604,0.0,stable_by_spectral_radius,ok,,with_h,broader_tuned_surface,outputs/overnight_sweeps/jsalt2_with_h_pair_20260601
run_268__pod_dmdc__pod4__dmdc2__delay1,pod_dmdc,4.0,2,1,True,False,0.4677074952695495,0.4681899116441352,0.0004824163745857,1.0010314488851793,0.9933294615320932,0.0,stable_by_spectral_radius,ok,,with_h,broader_tuned_surface,outputs/overnight_sweeps/jsalt2_with_h_pair_20260601
run_280__pod_dmdc__pod0p999__dmdc2__delay1,pod_dmdc,0.999,2,1,True,False,0.4677074952695495,0.4681899116441352,0.0004824163745857,1.0010314488851793,0.9933294615320932,0.0,stable_by_spectral_radius,ok,,with_h,broader_tuned_surface,outputs/overnight_sweeps/jsalt2_with_h_pair_20260601
run_256__pod_dmdc__pod3__dmdc2__delay1,pod_dmdc,3.0,2,1,True,False,0.4681049674821785,0.4685859088772901,0.0004809413951116,1.0010274221136737,0.9933294601981728,0.0,stable_by_spectral_radius,ok,,with_h,broader_tuned_surface,outputs/overnight_sweeps/jsalt2_with_h_pair_20260601
run_244__pod_dmdc__pod2__dmdc2__delay1,pod_dmdc,2.0,2,1,True,False,0.4693998287126857,0.4698748655955961,0.0004750368829103,1.0010120090674366,0.9933296377588752,0.0,stable_by_spectral_radius,ok,,with_h,broader_tuned_surface,outputs/overnight_sweeps/jsalt2_with_h_pair_20260601
run_106__adaptive_dmdc__pod2__dmdc4__delay1,adaptive_dmdc,2.0,4,1,True,False,0.5552949165079496,0.5540239391819981,-0.0012709773259514,0.9977111670066344,0.034817226756587,0.0,stable_by_spectral_radius,ok,,with_h,broader_tuned_surface,outputs/overnight_sweeps/jsalt2_with_h_pair_20260601
run_118__adaptive_dmdc__pod3__dmdc4__delay1,adaptive_dmdc,3.0,4,1,True,False,0.5552949165079496,0.5540239391819981,-0.0012709773259514,0.9977111670066344,0.034817226756587,0.0,stable_by_spectral_radius,ok,,with_h,broader_tuned_surface,outputs/overnight_sweeps/jsalt2_with_h_pair_20260601
run_130__adaptive_dmdc__pod4__dmdc4__delay1,adaptive_dmdc,4.0,4,1,True,False,0.5552949165079496,0.5540239391819981,-0.0012709773259514,0.9977111670066344,0.034817226756587,0.0,stable_by_spectral_radius,ok,,with_h,broader_tuned_surface,outputs/overnight_sweeps/jsalt2_with_h_pair_20260601
run_142__adaptive_dmdc__pod0p999__dmdc4__delay1,adaptive_dmdc,0.999,4,1,True,False,0.5552949165079496,0.5540239391819981,-0.0012709773259514,0.9977111670066344,0.034817226756587,0.0,stable_by_spectral_radius,ok,,with_h,broader_tuned_surface,outputs/overnight_sweeps/jsalt2_with_h_pair_20260601
run_107__adaptive_dmdc__pod2__dmdc4__delay2,adaptive_dmdc,2.0,4,2,True,False,0.5621460710699362,0.5605929358089662,-0.00155313526097,0.9972371322314608,0.0347067323676634,0.0,stable_by_spectral_radius,ok,,with_h,broader_tuned_surface,outputs/overnight_sweeps/jsalt2_with_h_pair_20260601
run_119__adaptive_dmdc__pod3__dmdc4__delay2,adaptive_dmdc,3.0,4,2,True,False,0.5621460710699362,0.5605929358089662,-0.00155313526097,0.9972371322314608,0.0347067323676634,0.0,stable_by_spectral_radius,ok,,with_h,broader_tuned_surface,outputs/overnight_sweeps/jsalt2_with_h_pair_20260601
run_131__adaptive_dmdc__pod4__dmdc4__delay2,adaptive_dmdc,4.0,4,2,True,False,0.5621460710699362,0.5605929358089662,-0.00155313526097,0.9972371322314608,0.0347067323676634,0.0,stable_by_spectral_radius,ok,,with_h,broader_tuned_surface,outputs/overnight_sweeps/jsalt2_with_h_pair_20260601
run_143__adaptive_dmdc__pod0p999__dmdc4__delay2,adaptive_dmdc,0.999,4,2,True,False,0.5621460710699362,0.5605929358089662,-0.00155313526097,0.9972371322314608,0.0347067323676634,0.0,stable_by_spectral_radius,ok,,with_h,broader_tuned_surface,outputs/overnight_sweeps/jsalt2_with_h_pair_20260601
run_108__adaptive_dmdc__pod2__dmdc4__delay4,adaptive_dmdc,2.0,4,4,True,False,0.5887611848035288,0.5877813711215388,-0.0009798136819899,0.99833580455492,0.0346107524934134,0.0,stable_by_spectral_radius,ok,,with_h,broader_tuned_surface,outputs/overnight_sweeps/jsalt2_with_h_pair_20260601
run_120__adaptive_dmdc__pod3__dmdc4__delay4,adaptive_dmdc,3.0,4,4,True,False,0.5887611848035288,0.5877813711215388,-0.0009798136819899,0.99833580455492,0.0346107524934134,0.0,stable_by_spectral_radius,ok,,with_h,broader_tuned_surface,outputs/overnight_sweeps/jsalt2_with_h_pair_20260601
run_132__adaptive_dmdc__pod4__dmdc4__delay4,adaptive_dmdc,4.0,4,4,True,False,0.5887611848035288,0.5877813711215388,-0.0009798136819899,0.99833580455492,0.0346107524934134,0.0,stable_by_spectral_radius,ok,,with_h,broader_tuned_surface,outputs/overnight_sweeps/jsalt2_with_h_pair_20260601
run_144__adaptive_dmdc__pod0p999__dmdc4__delay4,adaptive_dmdc,0.999,4,4,True,False,0.5887611848035288,0.5877813711215388,-0.0009798136819899,0.99833580455492,0.0346107524934134,0.0,stable_by_spectral_radius,ok,,with_h,broader_tuned_surface,outputs/overnight_sweeps/jsalt2_with_h_pair_20260601
run_204__ridge_dmdc__pod2__dmdc4__delay4,ridge_dmdc,2.0,4,4,True,False,0.756315901958641,0.7488273675516551,-0.0074885344069858,0.9900986685754026,0.9999959931947282,0.0,stable_by_spectral_radius,ok,,with_h,broader_tuned_surface,outputs/overnight_sweeps/jsalt2_with_h_pair_20260601
run_216__ridge_dmdc__pod3__dmdc4__delay4,ridge_dmdc,3.0,4,4,True,False,0.756315901958641,0.7488273675516551,-0.0074885344069858,0.9900986685754026,0.9999959931947282,0.0,stable_by_spectral_radius,ok,,with_h,broader_tuned_surface,outputs/overnight_sweeps/jsalt2_with_h_pair_20260601
run_228__ridge_dmdc__pod4__dmdc4__delay4,ridge_dmdc,4.0,4,4,True,False,0.756315901958641,0.7488273675516551,-0.0074885344069858,0.9900986685754026,0.9999959931947282,0.0,stable_by_spectral_radius,ok,,with_h,broader_tuned_surface,outputs/overnight_sweeps/jsalt2_with_h_pair_20260601
run_240__ridge_dmdc__pod0p999__dmdc4__delay4,ridge_dmdc,0.999,4,4,True,False,0.756315901958641,0.7488273675516551,-0.0074885344069858,0.9900986685754026,0.9999959931947282,0.0,stable_by_spectral_radius,ok,,with_h,broader_tuned_surface,outputs/overnight_sweeps/jsalt2_with_h_pair_20260601
run_156__dmdc__pod2__dmdc4__delay4,dmdc,2.0,4,4,True,False,0.7563159818595624,0.7488274481424979,-0.0074885337170644,0.9900986705336408,0.999995993195235,0.0,stable_by_spectral_radius,ok,,with_h,broader_tuned_surface,outputs/overnight_sweeps/jsalt2_with_h_pair_20260601
run_168__dmdc__pod3__dmdc4__delay4,dmdc,3.0,4,4,True,False,0.7563159818595624,0.7488274481424979,-0.0074885337170644,0.9900986705336408,0.999995993195235,0.0,stable_by_spectral_radius,ok,,with_h,broader_tuned_surface,outputs/overnight_sweeps/jsalt2_with_h_pair_20260601
run_180__dmdc__pod4__dmdc4__delay4,dmdc,4.0,4,4,True,False,0.7563159818595624,0.7488274481424979,-0.0074885337170644,0.9900986705336408,0.999995993195235,0.0,stable_by_spectral_radius,ok,,with_h,broader_tuned_surface,outputs/overnight_sweeps/jsalt2_with_h_pair_20260601
run_192__dmdc__pod0p999__dmdc4__delay4,dmdc,0.999,4,4,True,False,0.7563159818595624,0.7488274481424979,-0.0074885337170644,0.9900986705336408,0.999995993195235,0.0,stable_by_spectral_radius,ok,,with_h,broader_tuned_surface,outputs/overnight_sweeps/jsalt2_with_h_pair_20260601
run_104__adaptive_dmdc__pod2__dmdc3__delay2,adaptive_dmdc,2.0,3,2,True,False,0.7525811094681567,0.7511992228147829,-0.0013818866533737,0.9981638036937304,0.0334568524676555,0.0,stable_by_spectral_radius,ok,,with_h,broader_tuned_surface,outputs/overnight_sweeps/jsalt2_with_h_pair_20260601
run_116__adaptive_dmdc__pod3__dmdc3__delay2,adaptive_dmdc,3.0,3,2,True,False,0.7525811094681567,0.7511992228147829,-0.0013818866533737,0.9981638036937304,0.0334568524676555,0.0,stable_by_spectral_radius,ok,,with_h,broader_tuned_surface,outputs/overnight_sweeps/jsalt2_with_h_pair_20260601
run_128__adaptive_dmdc__pod4__dmdc3__delay2,adaptive_dmdc,4.0,3,2,True,False,0.7525811094681567,0.7511992228147829,-0.0013818866533737,0.9981638036937304,0.0334568524676555,0.0,stable_by_spectral_radius,ok,,with_h,broader_tuned_surface,outputs/overnight_sweeps/jsalt2_with_h_pair_20260601
run_140__adaptive_dmdc__pod0p999__dmdc3__delay2,adaptive_dmdc,0.999,3,2,True,False,0.7525811094681567,0.7511992228147829,-0.0013818866533737,0.9981638036937304,0.0334568524676555,0.0,stable_by_spectral_radius,ok,,with_h,broader_tuned_surface,outputs/overnight_sweeps/jsalt2_with_h_pair_20260601
run_097__adaptive_dmdc__pod2__dmdcfull__delay1,adaptive_dmdc,2.0,full,1,True,False,0.7762286195814229,0.7532141219005815,-0.0230144976808414,0.9703508771768145,0.3194126576371578,0.0,stable_by_spectral_radius,ok,,with_h,broader_tuned_surface,outputs/overnight_sweeps/jsalt2_with_h_pair_20260601
run_109__adaptive_dmdc__pod3__dmdcfull__delay1,adaptive_dmdc,3.0,full,1,True,False,0.7762286195814229,0.7532141219005815,-0.0230144976808414,0.9703508771768145,0.3194126576371578,0.0,stable_by_spectral_radius,ok,,with_h,broader_tuned_surface,outputs/overnight_sweeps/jsalt2_with_h_pair_20260601
run_121__adaptive_dmdc__pod4__dmdcfull__delay1,adaptive_dmdc,4.0,full,1,True,False,0.7762286195814229,0.7532141219005815,-0.0230144976808414,0.9703508771768145,0.3194126576371578,0.0,stable_by_spectral_radius,ok,,with_h,broader_tuned_surface,outputs/overnight_sweeps/jsalt2_with_h_pair_20260601
run_133__adaptive_dmdc__pod0p999__dmdcfull__delay1,adaptive_dmdc,0.999,full,1,True,False,0.7762286195814229,0.7532141219005815,-0.0230144976808414,0.9703508771768145,0.3194126576371578,0.0,stable_by_spectral_radius,ok,,with_h,broader_tuned_surface,outputs/overnight_sweeps/jsalt2_with_h_pair_20260601
run_203__ridge_dmdc__pod2__dmdc4__delay2,ridge_dmdc,2.0,4,2,True,False,0.760536289370987,0.753352138942605,-0.007184150428382,0.9905538361169804,0.9999959947545394,0.0,stable_by_spectral_radius,ok,,with_h,broader_tuned_surface,outputs/overnight_sweeps/jsalt2_with_h_pair_20260601
run_215__ridge_dmdc__pod3__dmdc4__delay2,ridge_dmdc,3.0,4,2,True,False,0.760536289370987,0.753352138942605,-0.007184150428382,0.9905538361169804,0.9999959947545394,0.0,stable_by_spectral_radius,ok,,with_h,broader_tuned_surface,outputs/overnight_sweeps/jsalt2_with_h_pair_20260601
run_227__ridge_dmdc__pod4__dmdc4__delay2,ridge_dmdc,4.0,4,2,True,False,0.760536289370987,0.753352138942605,-0.007184150428382,0.9905538361169804,0.9999959947545394,0.0,stable_by_spectral_radius,ok,,with_h,broader_tuned_surface,outputs/overnight_sweeps/jsalt2_with_h_pair_20260601
run_239__ridge_dmdc__pod0p999__dmdc4__delay2,ridge_dmdc,0.999,4,2,True,False,0.760536289370987,0.753352138942605,-0.007184150428382,0.9905538361169804,0.9999959947545394,0.0,stable_by_spectral_radius,ok,,with_h,broader_tuned_surface,outputs/overnight_sweeps/jsalt2_with_h_pair_20260601
run_155__dmdc__pod2__dmdc4__delay2,dmdc,2.0,4,2,True,False,0.7605364760116986,0.7533523274545384,-0.0071841485571602,0.990553840895529,0.9999959947555668,0.0,stable_by_spectral_radius,ok,,with_h,broader_tuned_surface,outputs/overnight_sweeps/jsalt2_with_h_pair_20260601
run_167__dmdc__pod3__dmdc4__delay2,dmdc,3.0,4,2,True,False,0.7605364760116986,0.7533523274545384,-0.0071841485571602,0.990553840895529,0.9999959947555668,0.0,stable_by_spectral_radius,ok,,with_h,broader_tuned_surface,outputs/overnight_sweeps/jsalt2_with_h_pair_20260601
run_179__dmdc__pod4__dmdc4__delay2,dmdc,4.0,4,2,True,False,0.7605364760116986,0.7533523274545384,-0.0071841485571602,0.990553840895529,0.9999959947555668,0.0,stable_by_spectral_radius,ok,,with_h,broader_tuned_surface,outputs/overnight_sweeps/jsalt2_with_h_pair_20260601
run_191__dmdc__pod0p999__dmdc4__delay2,dmdc,0.999,4,2,True,False,0.7605364760116986,0.7533523274545384,-0.0071841485571602,0.990553840895529,0.9999959947555668,0.0,stable_by_spectral_radius,ok,,with_h,broader_tuned_surface,outputs/overnight_sweeps/jsalt2_with_h_pair_20260601
run_103__adaptive_dmdc__pod2__dmdc3__delay1,adaptive_dmdc,2.0,3,1,True,False,0.754906270841472,0.7541499263565006,-0.0007563444849714,0.9989980948441078,0.033742098524504,0.0,stable_by_spectral_radius,ok,,with_h,broader_tuned_surface,outputs/overnight_sweeps/jsalt2_with_h_pair_20260601
run_115__adaptive_dmdc__pod3__dmdc3__delay1,adaptive_dmdc,3.0,3,1,True,False,0.754906270841472,0.7541499263565006,-0.0007563444849714,0.9989980948441078,0.033742098524504,0.0,stable_by_spectral_radius,ok,,with_h,broader_tuned_surface,outputs/overnight_sweeps/jsalt2_with_h_pair_20260601
run_127__adaptive_dmdc__pod4__dmdc3__delay1,adaptive_dmdc,4.0,3,1,True,False,0.754906270841472,0.7541499263565006,-0.0007563444849714,0.9989980948441078,0.033742098524504,0.0,stable_by_spectral_radius,ok,,with_h,broader_tuned_surface,outputs/overnight_sweeps/jsalt2_with_h_pair_20260601
run_139__adaptive_dmdc__pod0p999__dmdc3__delay1,adaptive_dmdc,0.999,3,1,True,False,0.754906270841472,0.7541499263565006,-0.0007563444849714,0.9989980948441078,0.033742098524504,0.0,stable_by_spectral_radius,ok,,with_h,broader_tuned_surface,outputs/overnight_sweeps/jsalt2_with_h_pair_20260601
run_202__ridge_dmdc__pod2__dmdc4__delay1,ridge_dmdc,2.0,4,1,True,False,0.7620385665783258,0.7558292682831044,-0.0062092982952214,0.9918517269761002,0.9999959990529248,0.0,stable_by_spectral_radius,ok,,with_h,broader_tuned_surface,outputs/overnight_sweeps/jsalt2_with_h_pair_20260601
run_214__ridge_dmdc__pod3__dmdc4__delay1,ridge_dmdc,3.0,4,1,True,False,0.7620385665783258,0.7558292682831044,-0.0062092982952214,0.9918517269761002,0.9999959990529248,0.0,stable_by_spectral_radius,ok,,with_h,broader_tuned_surface,outputs/overnight_sweeps/jsalt2_with_h_pair_20260601
run_226__ridge_dmdc__pod4__dmdc4__delay1,ridge_dmdc,4.0,4,1,True,False,0.7620385665783258,0.7558292682831044,-0.0062092982952214,0.9918517269761002,0.9999959990529248,0.0,stable_by_spectral_radius,ok,,with_h,broader_tuned_surface,outputs/overnight_sweeps/jsalt2_with_h_pair_20260601
run_238__ridge_dmdc__pod0p999__dmdc4__delay1,ridge_dmdc,0.999,4,1,True,False,0.7620385665783258,0.7558292682831044,-0.0062092982952214,0.9918517269761002,0.9999959990529248,0.0,stable_by_spectral_radius,ok,,with_h,broader_tuned_surface,outputs/overnight_sweeps/jsalt2_with_h_pair_20260601
run_154__dmdc__pod2__dmdc4__delay1,dmdc,2.0,4,1,True,False,0.7620389635791902,0.7558296678895987,-0.0062092956895914,0.9918517346404084,0.9999959990550412,0.0,stable_by_spectral_radius,ok,,with_h,broader_tuned_surface,outputs/overnight_sweeps/jsalt2_with_h_pair_20260601
run_166__dmdc__pod3__dmdc4__delay1,dmdc,3.0,4,1,True,False,0.7620389635791902,0.7558296678895987,-0.0062092956895914,0.9918517346404084,0.9999959990550412,0.0,stable_by_spectral_radius,ok,,with_h,broader_tuned_surface,outputs/overnight_sweeps/jsalt2_with_h_pair_20260601
run_178__dmdc__pod4__dmdc4__delay1,dmdc,4.0,4,1,True,False,0.7620389635791902,0.7558296678895987,-0.0062092956895914,0.9918517346404084,0.9999959990550412,0.0,stable_by_spectral_radius,ok,,with_h,broader_tuned_surface,outputs/overnight_sweeps/jsalt2_with_h_pair_20260601
run_190__dmdc__pod0p999__dmdc4__delay1,dmdc,0.999,4,1,True,False,0.7620389635791902,0.7558296678895987,-0.0062092956895914,0.9918517346404084,0.9999959990550412,0.0,stable_by_spectral_radius,ok,,with_h,broader_tuned_surface,outputs/overnight_sweeps/jsalt2_with_h_pair_20260601
run_105__adaptive_dmdc__pod2__dmdc3__delay4,adaptive_dmdc,2.0,3,4,True,False,0.7618638239197572,0.7601019398268525,-0.0017618840929046,0.9976874028696626,0.0330542713926393,0.0,stable_by_spectral_radius,ok,,with_h,broader_tuned_surface,outputs/overnight_sweeps/jsalt2_with_h_pair_20260601
run_117__adaptive_dmdc__pod3__dmdc3__delay4,adaptive_dmdc,3.0,3,4,True,False,0.7618638239197572,0.7601019398268525,-0.0017618840929046,0.9976874028696626,0.0330542713926393,0.0,stable_by_spectral_radius,ok,,with_h,broader_tuned_surface,outputs/overnight_sweeps/jsalt2_with_h_pair_20260601
run_129__adaptive_dmdc__pod4__dmdc3__delay4,adaptive_dmdc,4.0,3,4,True,False,0.7618638239197572,0.7601019398268525,-0.0017618840929046,0.9976874028696626,0.0330542713926393,0.0,stable_by_spectral_radius,ok,,with_h,broader_tuned_surface,outputs/overnight_sweeps/jsalt2_with_h_pair_20260601
run_141__adaptive_dmdc__pod0p999__dmdc3__delay4,adaptive_dmdc,0.999,3,4,True,False,0.7618638239197572,0.7601019398268525,-0.0017618840929046,0.9976874028696626,0.0330542713926393,0.0,stable_by_spectral_radius,ok,,with_h,broader_tuned_surface,outputs/overnight_sweeps/jsalt2_with_h_pair_20260601
run_201__ridge_dmdc__pod2__dmdc3__delay4,ridge_dmdc,2.0,3,4,True,False,0.8036191262152922,0.7943608071313472,-0.009258319083945,0.988479220090806,0.9999956656104048,0.0,stable_by_spectral_radius,ok,,with_h,broader_tuned_surface,outputs/overnight_sweeps/jsalt2_with_h_pair_20260601
run_213__ridge_dmdc__pod3__dmdc3__delay4,ridge_dmdc,3.0,3,4,True,False,0.8036191262152922,0.7943608071313472,-0.009258319083945,0.988479220090806,0.9999956656104048,0.0,stable_by_spectral_radius,ok,,with_h,broader_tuned_surface,outputs/overnight_sweeps/jsalt2_with_h_pair_20260601
run_225__ridge_dmdc__pod4__dmdc3__delay4,ridge_dmdc,4.0,3,4,True,False,0.8036191262152922,0.7943608071313472,-0.009258319083945,0.988479220090806,0.9999956656104048,0.0,stable_by_spectral_radius,ok,,with_h,broader_tuned_surface,outputs/overnight_sweeps/jsalt2_with_h_pair_20260601
run_237__ridge_dmdc__pod0p999__dmdc3__delay4,ridge_dmdc,0.999,3,4,True,False,0.8036191262152922,0.7943608071313472,-0.009258319083945,0.988479220090806,0.9999956656104048,0.0,stable_by_spectral_radius,ok,,with_h,broader_tuned_surface,outputs/overnight_sweeps/jsalt2_with_h_pair_20260601
run_153__dmdc__pod2__dmdc3__delay4,dmdc,2.0,3,4,True,False,0.8036191667514848,0.7943608454315961,-0.0092583213198886,0.9884792178895956,0.9999956656103068,0.0,stable_by_spectral_radius,ok,,with_h,broader_tuned_surface,outputs/overnight_sweeps/jsalt2_with_h_pair_20260601
run_165__dmdc__pod3__dmdc3__delay4,dmdc,3.0,3,4,True,False,0.8036191667514848,0.7943608454315961,-0.0092583213198886,0.9884792178895956,0.9999956656103068,0.0,stable_by_spectral_radius,ok,,with_h,broader_tuned_surface,outputs/overnight_sweeps/jsalt2_with_h_pair_20260601
run_177__dmdc__pod4__dmdc3__delay4,dmdc,4.0,3,4,True,False,0.8036191667514848,0.7943608454315961,-0.0092583213198886,0.9884792178895956,0.9999956656103068,0.0,stable_by_spectral_radius,ok,,with_h,broader_tuned_surface,outputs/overnight_sweeps/jsalt2_with_h_pair_20260601
run_189__dmdc__pod0p999__dmdc3__delay4,dmdc,0.999,3,4,True,False,0.8036191667514848,0.7943608454315961,-0.0092583213198886,0.9884792178895956,0.9999956656103068,0.0,stable_by_spectral_radius,ok,,with_h,broader_tuned_surface,outputs/overnight_sweeps/jsalt2_with_h_pair_20260601
run_051__mean__pod2__dmdcfull__delay4,mean,2.0,full,4,True,False,0.7925761676253632,0.7960493903966448,0.0034732227712815,1.0043821943090816,,,not_applicable,ok,,with_h,broader_tuned_surface,outputs/overnight_sweeps/jsalt2_with_h_pair_20260601
run_054__mean__pod2__dmdc2__delay4,mean,2.0,2,4,True,False,0.7925761676253632,0.7960493903966448,0.0034732227712815,1.0043821943090816,,,not_applicable,ok,,with_h,broader_tuned_surface,outputs/overnight_sweeps/jsalt2_with_h_pair_20260601
run_057__mean__pod2__dmdc3__delay4,mean,2.0,3,4,True,False,0.7925761676253632,0.7960493903966448,0.0034732227712815,1.0043821943090816,,,not_applicable,ok,,with_h,broader_tuned_surface,outputs/overnight_sweeps/jsalt2_with_h_pair_20260601
run_060__mean__pod2__dmdc4__delay4,mean,2.0,4,4,True,False,0.7925761676253632,0.7960493903966448,0.0034732227712815,1.0043821943090816,,,not_applicable,ok,,with_h,broader_tuned_surface,outputs/overnight_sweeps/jsalt2_with_h_pair_20260601
run_063__mean__pod3__dmdcfull__delay4,mean,3.0,full,4,True,False,0.7925761676253632,0.7960493903966448,0.0034732227712815,1.0043821943090816,,,not_applicable,ok,,with_h,broader_tuned_surface,outputs/overnight_sweeps/jsalt2_with_h_pair_20260601
run_066__mean__pod3__dmdc2__delay4,mean,3.0,2,4,True,False,0.7925761676253632,0.7960493903966448,0.0034732227712815,1.0043821943090816,,,not_applicable,ok,,with_h,broader_tuned_surface,outputs/overnight_sweeps/jsalt2_with_h_pair_20260601
run_069__mean__pod3__dmdc3__delay4,mean,3.0,3,4,True,False,0.7925761676253632,0.7960493903966448,0.0034732227712815,1.0043821943090816,,,not_applicable,ok,,with_h,broader_tuned_surface,outputs/overnight_sweeps/jsalt2_with_h_pair_20260601
run_072__mean__pod3__dmdc4__delay4,mean,3.0,4,4,True,False,0.7925761676253632,0.7960493903966448,0.0034732227712815,1.0043821943090816,,,not_applicable,ok,,with_h,broader_tuned_surface,outputs/overnight_sweeps/jsalt2_with_h_pair_20260601
run_075__mean__pod4__dmdcfull__delay4,mean,4.0,full,4,True,False,0.7925761676253632,0.7960493903966448,0.0034732227712815,1.0043821943090816,,,not_applicable,ok,,with_h,broader_tuned_surface,outputs/overnight_sweeps/jsalt2_with_h_pair_20260601
run_078__mean__pod4__dmdc2__delay4,mean,4.0,2,4,True,False,0.7925761676253632,0.7960493903966448,0.0034732227712815,1.0043821943090816,,,not_applicable,ok,,with_h,broader_tuned_surface,outputs/overnight_sweeps/jsalt2_with_h_pair_20260601
run_081__mean__pod4__dmdc3__delay4,mean,4.0,3,4,True,False,0.7925761676253632,0.7960493903966448,0.0034732227712815,1.0043821943090816,,,not_applicable,ok,,with_h,broader_tuned_surface,outputs/overnight_sweeps/jsalt2_with_h_pair_20260601
run_084__mean__pod4__dmdc4__delay4,mean,4.0,4,4,True,False,0.7925761676253632,0.7960493903966448,0.0034732227712815,1.0043821943090816,,,not_applicable,ok,,with_h,broader_tuned_surface,outputs/overnight_sweeps/jsalt2_with_h_pair_20260601
run_087__mean__pod0p999__dmdcfull__delay4,mean,0.999,full,4,True,False,0.7925761676253632,0.7960493903966448,0.0034732227712815,1.0043821943090816,,,not_applicable,ok,,with_h,broader_tuned_surface,outputs/overnight_sweeps/jsalt2_with_h_pair_20260601
run_090__mean__pod0p999__dmdc2__delay4,mean,0.999,2,4,True,False,0.7925761676253632,0.7960493903966448,0.0034732227712815,1.0043821943090816,,,not_applicable,ok,,with_h,broader_tuned_surface,outputs/overnight_sweeps/jsalt2_with_h_pair_20260601
run_093__mean__pod0p999__dmdc3__delay4,mean,0.999,3,4,True,False,0.7925761676253632,0.7960493903966448,0.0034732227712815,1.0043821943090816,,,not_applicable,ok,,with_h,broader_tuned_surface,outputs/overnight_sweeps/jsalt2_with_h_pair_20260601
run_096__mean__pod0p999__dmdc4__delay4,mean,0.999,4,4,True,False,0.7925761676253632,0.7960493903966448,0.0034732227712815,1.0043821943090816,,,not_applicable,ok,,with_h,broader_tuned_surface,outputs/overnight_sweeps/jsalt2_with_h_pair_20260601
run_050__mean__pod2__dmdcfull__delay2,mean,2.0,full,2,True,False,0.7967454636821331,0.8001622175794658,0.0034167538973327,1.0042883882658613,,,not_applicable,ok,,with_h,broader_tuned_surface,outputs/overnight_sweeps/jsalt2_with_h_pair_20260601
run_053__mean__pod2__dmdc2__delay2,mean,2.0,2,2,True,False,0.7967454636821331,0.8001622175794658,0.0034167538973327,1.0042883882658613,,,not_applicable,ok,,with_h,broader_tuned_surface,outputs/overnight_sweeps/jsalt2_with_h_pair_20260601
run_056__mean__pod2__dmdc3__delay2,mean,2.0,3,2,True,False,0.7967454636821331,0.8001622175794658,0.0034167538973327,1.0042883882658613,,,not_applicable,ok,,with_h,broader_tuned_surface,outputs/overnight_sweeps/jsalt2_with_h_pair_20260601
run_059__mean__pod2__dmdc4__delay2,mean,2.0,4,2,True,False,0.7967454636821331,0.8001622175794658,0.0034167538973327,1.0042883882658613,,,not_applicable,ok,,with_h,broader_tuned_surface,outputs/overnight_sweeps/jsalt2_with_h_pair_20260601
run_062__mean__pod3__dmdcfull__delay2,mean,3.0,full,2,True,False,0.7967454636821331,0.8001622175794658,0.0034167538973327,1.0042883882658613,,,not_applicable,ok,,with_h,broader_tuned_surface,outputs/overnight_sweeps/jsalt2_with_h_pair_20260601
run_065__mean__pod3__dmdc2__delay2,mean,3.0,2,2,True,False,0.7967454636821331,0.8001622175794658,0.0034167538973327,1.0042883882658613,,,not_applicable,ok,,with_h,broader_tuned_surface,outputs/overnight_sweeps/jsalt2_with_h_pair_20260601
run_068__mean__pod3__dmdc3__delay2,mean,3.0,3,2,True,False,0.7967454636821331,0.8001622175794658,0.0034167538973327,1.0042883882658613,,,not_applicable,ok,,with_h,broader_tuned_surface,outputs/overnight_sweeps/jsalt2_with_h_pair_20260601
run_071__mean__pod3__dmdc4__delay2,mean,3.0,4,2,True,False,0.7967454636821331,0.8001622175794658,0.0034167538973327,1.0042883882658613,,,not_applicable,ok,,with_h,broader_tuned_surface,outputs/overnight_sweeps/jsalt2_with_h_pair_20260601
run_074__mean__pod4__dmdcfull__delay2,mean,4.0,full,2,True,False,0.7967454636821331,0.8001622175794658,0.0034167538973327,1.0042883882658613,,,not_applicable,ok,,with_h,broader_tuned_surface,outputs/overnight_sweeps/jsalt2_with_h_pair_20260601
run_077__mean__pod4__dmdc2__delay2,mean,4.0,2,2,True,False,0.7967454636821331,0.8001622175794658,0.0034167538973327,1.0042883882658613,,,not_applicable,ok,,with_h,broader_tuned_surface,outputs/overnight_sweeps/jsalt2_with_h_pair_20260601
run_080__mean__pod4__dmdc3__delay2,mean,4.0,3,2,True,False,0.7967454636821331,0.8001622175794658,0.0034167538973327,1.0042883882658613,,,not_applicable,ok,,with_h,broader_tuned_surface,outputs/overnight_sweeps/jsalt2_with_h_pair_20260601
run_083__mean__pod4__dmdc4__delay2,mean,4.0,4,2,True,False,0.7967454636821331,0.8001622175794658,0.0034167538973327,1.0042883882658613,,,not_applicable,ok,,with_h,broader_tuned_surface,outputs/overnight_sweeps/jsalt2_with_h_pair_20260601
run_086__mean__pod0p999__dmdcfull__delay2,mean,0.999,full,2,True,False,0.7967454636821331,0.8001622175794658,0.0034167538973327,1.0042883882658613,,,not_applicable,ok,,with_h,broader_tuned_surface,outputs/overnight_sweeps/jsalt2_with_h_pair_20260601
run_089__mean__pod0p999__dmdc2__delay2,mean,0.999,2,2,True,False,0.7967454636821331,0.8001622175794658,0.0034167538973327,1.0042883882658613,,,not_applicable,ok,,with_h,broader_tuned_surface,outputs/overnight_sweeps/jsalt2_with_h_pair_20260601
run_092__mean__pod0p999__dmdc3__delay2,mean,0.999,3,2,True,False,0.7967454636821331,0.8001622175794658,0.0034167538973327,1.0042883882658613,,,not_applicable,ok,,with_h,broader_tuned_surface,outputs/overnight_sweeps/jsalt2_with_h_pair_20260601
run_095__mean__pod0p999__dmdc4__delay2,mean,0.999,4,2,True,False,0.7967454636821331,0.8001622175794658,0.0034167538973327,1.0042883882658613,,,not_applicable,ok,,with_h,broader_tuned_surface,outputs/overnight_sweeps/jsalt2_with_h_pair_20260601
run_200__ridge_dmdc__pod2__dmdc3__delay2,ridge_dmdc,2.0,3,2,True,False,0.8096853139882025,0.8008740630333516,-0.0088112509548509,0.9891176846082956,0.9999956614309096,0.0,stable_by_spectral_radius,ok,,with_h,broader_tuned_surface,outputs/overnight_sweeps/jsalt2_with_h_pair_20260601
run_212__ridge_dmdc__pod3__dmdc3__delay2,ridge_dmdc,3.0,3,2,True,False,0.8096853139882025,0.8008740630333516,-0.0088112509548509,0.9891176846082956,0.9999956614309096,0.0,stable_by_spectral_radius,ok,,with_h,broader_tuned_surface,outputs/overnight_sweeps/jsalt2_with_h_pair_20260601
run_224__ridge_dmdc__pod4__dmdc3__delay2,ridge_dmdc,4.0,3,2,True,False,0.8096853139882025,0.8008740630333516,-0.0088112509548509,0.9891176846082956,0.9999956614309096,0.0,stable_by_spectral_radius,ok,,with_h,broader_tuned_surface,outputs/overnight_sweeps/jsalt2_with_h_pair_20260601
run_236__ridge_dmdc__pod0p999__dmdc3__delay2,ridge_dmdc,0.999,3,2,True,False,0.8096853139882025,0.8008740630333516,-0.0088112509548509,0.9891176846082956,0.9999956614309096,0.0,stable_by_spectral_radius,ok,,with_h,broader_tuned_surface,outputs/overnight_sweeps/jsalt2_with_h_pair_20260601
run_152__dmdc__pod2__dmdc3__delay2,dmdc,2.0,3,2,True,False,0.8096854022226413,0.8008741471665354,-0.0088112550561059,0.9891176807289368,0.9999956614307056,0.0,stable_by_spectral_radius,ok,,with_h,broader_tuned_surface,outputs/overnight_sweeps/jsalt2_with_h_pair_20260601
run_164__dmdc__pod3__dmdc3__delay2,dmdc,3.0,3,2,True,False,0.8096854022226413,0.8008741471665354,-0.0088112550561059,0.9891176807289368,0.9999956614307056,0.0,stable_by_spectral_radius,ok,,with_h,broader_tuned_surface,outputs/overnight_sweeps/jsalt2_with_h_pair_20260601
run_176__dmdc__pod4__dmdc3__delay2,dmdc,4.0,3,2,True,False,0.8096854022226413,0.8008741471665354,-0.0088112550561059,0.9891176807289368,0.9999956614307056,0.0,stable_by_spectral_radius,ok,,with_h,broader_tuned_surface,outputs/overnight_sweeps/jsalt2_with_h_pair_20260601
run_188__dmdc__pod0p999__dmdc3__delay2,dmdc,0.999,3,2,True,False,0.8096854022226413,0.8008741471665354,-0.0088112550561059,0.9891176807289368,0.9999956614307056,0.0,stable_by_spectral_radius,ok,,with_h,broader_tuned_surface,outputs/overnight_sweeps/jsalt2_with_h_pair_20260601
run_049__mean__pod2__dmdcfull__delay1,mean,2.0,full,1,True,False,0.798808447670388,0.8022049208417364,0.0033964731713483,1.0042519244522936,,,not_applicable,ok,,with_h,broader_tuned_surface,outputs/overnight_sweeps/jsalt2_with_h_pair_20260601
run_052__mean__pod2__dmdc2__delay1,mean,2.0,2,1,True,False,0.798808447670388,0.8022049208417364,0.0033964731713483,1.0042519244522936,,,not_applicable,ok,,with_h,broader_tuned_surface,outputs/overnight_sweeps/jsalt2_with_h_pair_20260601
run_055__mean__pod2__dmdc3__delay1,mean,2.0,3,1,True,False,0.798808447670388,0.8022049208417364,0.0033964731713483,1.0042519244522936,,,not_applicable,ok,,with_h,broader_tuned_surface,outputs/overnight_sweeps/jsalt2_with_h_pair_20260601
run_058__mean__pod2__dmdc4__delay1,mean,2.0,4,1,True,False,0.798808447670388,0.8022049208417364,0.0033964731713483,1.0042519244522936,,,not_applicable,ok,,with_h,broader_tuned_surface,outputs/overnight_sweeps/jsalt2_with_h_pair_20260601
run_061__mean__pod3__dmdcfull__delay1,mean,3.0,full,1,True,False,0.798808447670388,0.8022049208417364,0.0033964731713483,1.0042519244522936,,,not_applicable,ok,,with_h,broader_tuned_surface,outputs/overnight_sweeps/jsalt2_with_h_pair_20260601
run_064__mean__pod3__dmdc2__delay1,mean,3.0,2,1,True,False,0.798808447670388,0.8022049208417364,0.0033964731713483,1.0042519244522936,,,not_applicable,ok,,with_h,broader_tuned_surface,outputs/overnight_sweeps/jsalt2_with_h_pair_20260601
run_067__mean__pod3__dmdc3__delay1,mean,3.0,3,1,True,False,0.798808447670388,0.8022049208417364,0.0033964731713483,1.0042519244522936,,,not_applicable,ok,,with_h,broader_tuned_surface,outputs/overnight_sweeps/jsalt2_with_h_pair_20260601
run_070__mean__pod3__dmdc4__delay1,mean,3.0,4,1,True,False,0.798808447670388,0.8022049208417364,0.0033964731713483,1.0042519244522936,,,not_applicable,ok,,with_h,broader_tuned_surface,outputs/overnight_sweeps/jsalt2_with_h_pair_20260601
run_073__mean__pod4__dmdcfull__delay1,mean,4.0,full,1,True,False,0.798808447670388,0.8022049208417364,0.0033964731713483,1.0042519244522936,,,not_applicable,ok,,with_h,broader_tuned_surface,outputs/overnight_sweeps/jsalt2_with_h_pair_20260601
run_076__mean__pod4__dmdc2__delay1,mean,4.0,2,1,True,False,0.798808447670388,0.8022049208417364,0.0033964731713483,1.0042519244522936,,,not_applicable,ok,,with_h,broader_tuned_surface,outputs/overnight_sweeps/jsalt2_with_h_pair_20260601
run_079__mean__pod4__dmdc3__delay1,mean,4.0,3,1,True,False,0.798808447670388,0.8022049208417364,0.0033964731713483,1.0042519244522936,,,not_applicable,ok,,with_h,broader_tuned_surface,outputs/overnight_sweeps/jsalt2_with_h_pair_20260601
run_082__mean__pod4__dmdc4__delay1,mean,4.0,4,1,True,False,0.798808447670388,0.8022049208417364,0.0033964731713483,1.0042519244522936,,,not_applicable,ok,,with_h,broader_tuned_surface,outputs/overnight_sweeps/jsalt2_with_h_pair_20260601
run_085__mean__pod0p999__dmdcfull__delay1,mean,0.999,full,1,True,False,0.798808447670388,0.8022049208417364,0.0033964731713483,1.0042519244522936,,,not_applicable,ok,,with_h,broader_tuned_surface,outputs/overnight_sweeps/jsalt2_with_h_pair_20260601
run_088__mean__pod0p999__dmdc2__delay1,mean,0.999,2,1,True,False,0.798808447670388,0.8022049208417364,0.0033964731713483,1.0042519244522936,,,not_applicable,ok,,with_h,broader_tuned_surface,outputs/overnight_sweeps/jsalt2_with_h_pair_20260601
run_091__mean__pod0p999__dmdc3__delay1,mean,0.999,3,1,True,False,0.798808447670388,0.8022049208417364,0.0033964731713483,1.0042519244522936,,,not_applicable,ok,,with_h,broader_tuned_surface,outputs/overnight_sweeps/jsalt2_with_h_pair_20260601
run_094__mean__pod0p999__dmdc4__delay1,mean,0.999,4,1,True,False,0.798808447670388,0.8022049208417364,0.0033964731713483,1.0042519244522936,,,not_applicable,ok,,with_h,broader_tuned_surface,outputs/overnight_sweeps/jsalt2_with_h_pair_20260601
run_199__ridge_dmdc__pod2__dmdc3__delay1,ridge_dmdc,2.0,3,1,True,False,0.8132741713356528,0.8055875946585894,-0.0076865766770634,0.990548603474718,0.9999956549042968,0.0,stable_by_spectral_radius,ok,,with_h,broader_tuned_surface,outputs/overnight_sweeps/jsalt2_with_h_pair_20260601
run_211__ridge_dmdc__pod3__dmdc3__delay1,ridge_dmdc,3.0,3,1,True,False,0.8132741713356528,0.8055875946585894,-0.0076865766770634,0.990548603474718,0.9999956549042968,0.0,stable_by_spectral_radius,ok,,with_h,broader_tuned_surface,outputs/overnight_sweeps/jsalt2_with_h_pair_20260601
run_223__ridge_dmdc__pod4__dmdc3__delay1,ridge_dmdc,4.0,3,1,True,False,0.8132741713356528,0.8055875946585894,-0.0076865766770634,0.990548603474718,0.9999956549042968,0.0,stable_by_spectral_radius,ok,,with_h,broader_tuned_surface,outputs/overnight_sweeps/jsalt2_with_h_pair_20260601
run_235__ridge_dmdc__pod0p999__dmdc3__delay1,ridge_dmdc,0.999,3,1,True,False,0.8132741713356528,0.8055875946585894,-0.0076865766770634,0.990548603474718,0.9999956549042968,0.0,stable_by_spectral_radius,ok,,with_h,broader_tuned_surface,outputs/overnight_sweeps/jsalt2_with_h_pair_20260601
run_151__dmdc__pod2__dmdc3__delay1,dmdc,2.0,3,1,True,False,0.8132743547623322,0.8055877703472382,-0.007686584415094,0.990548596091733,0.9999956549038828,0.0,stable_by_spectral_radius,ok,,with_h,broader_tuned_surface,outputs/overnight_sweeps/jsalt2_with_h_pair_20260601
run_163__dmdc__pod3__dmdc3__delay1,dmdc,3.0,3,1,True,False,0.8132743547623322,0.8055877703472382,-0.007686584415094,0.990548596091733,0.9999956549038828,0.0,stable_by_spectral_radius,ok,,with_h,broader_tuned_surface,outputs/overnight_sweeps/jsalt2_with_h_pair_20260601
run_175__dmdc__pod4__dmdc3__delay1,dmdc,4.0,3,1,True,False,0.8132743547623322,0.8055877703472382,-0.007686584415094,0.990548596091733,0.9999956549038828,0.0,stable_by_spectral_radius,ok,,with_h,broader_tuned_surface,outputs/overnight_sweeps/jsalt2_with_h_pair_20260601
run_187__dmdc__pod0p999__dmdc3__delay1,dmdc,0.999,3,1,True,False,0.8132743547623322,0.8055877703472382,-0.007686584415094,0.990548596091733,0.9999956549038828,0.0,stable_by_spectral_radius,ok,,with_h,broader_tuned_surface,outputs/overnight_sweeps/jsalt2_with_h_pair_20260601
run_193__ridge_dmdc__pod2__dmdcfull__delay1,ridge_dmdc,2.0,full,1,True,False,0.8237398632531849,0.821256063916273,-0.0024837993369118,0.9969847284953496,0.999995381289646,0.0,stable_by_spectral_radius,ok,,with_h,broader_tuned_surface,outputs/overnight_sweeps/jsalt2_with_h_pair_20260601
run_205__ridge_dmdc__pod3__dmdcfull__delay1,ridge_dmdc,3.0,full,1,True,False,0.8237398632531849,0.821256063916273,-0.0024837993369118,0.9969847284953496,0.999995381289646,0.0,stable_by_spectral_radius,ok,,with_h,broader_tuned_surface,outputs/overnight_sweeps/jsalt2_with_h_pair_20260601
run_217__ridge_dmdc__pod4__dmdcfull__delay1,ridge_dmdc,4.0,full,1,True,False,0.8237398632531849,0.821256063916273,-0.0024837993369118,0.9969847284953496,0.999995381289646,0.0,stable_by_spectral_radius,ok,,with_h,broader_tuned_surface,outputs/overnight_sweeps/jsalt2_with_h_pair_20260601
run_229__ridge_dmdc__pod0p999__dmdcfull__delay1,ridge_dmdc,0.999,full,1,True,False,0.8237398632531849,0.821256063916273,-0.0024837993369118,0.9969847284953496,0.999995381289646,0.0,stable_by_spectral_radius,ok,,with_h,broader_tuned_surface,outputs/overnight_sweeps/jsalt2_with_h_pair_20260601
run_145__dmdc__pod2__dmdcfull__delay1,dmdc,2.0,full,1,True,False,0.8905070472344488,0.8895452173226287,-0.0009618299118201,0.9989199075798364,0.9999948327183382,0.0,stable_by_spectral_radius,ok,,with_h,broader_tuned_surface,outputs/overnight_sweeps/jsalt2_with_h_pair_20260601
run_157__dmdc__pod3__dmdcfull__delay1,dmdc,3.0,full,1,True,False,0.8905070472344488,0.8895452173226287,-0.0009618299118201,0.9989199075798364,0.9999948327183382,0.0,stable_by_spectral_radius,ok,,with_h,broader_tuned_surface,outputs/overnight_sweeps/jsalt2_with_h_pair_20260601
run_169__dmdc__pod4__dmdcfull__delay1,dmdc,4.0,full,1,True,False,0.8905070472344488,0.8895452173226287,-0.0009618299118201,0.9989199075798364,0.9999948327183382,0.0,stable_by_spectral_radius,ok,,with_h,broader_tuned_surface,outputs/overnight_sweeps/jsalt2_with_h_pair_20260601
run_181__dmdc__pod0p999__dmdcfull__delay1,dmdc,0.999,full,1,True,False,0.8905070472344488,0.8895452173226287,-0.0009618299118201,0.9989199075798364,0.9999948327183382,0.0,stable_by_spectral_radius,ok,,with_h,broader_tuned_surface,outputs/overnight_sweeps/jsalt2_with_h_pair_20260601
run_196__ridge_dmdc__pod2__dmdc2__delay1,ridge_dmdc,2.0,2,1,True,False,1.44568920820644,1.4395624094107795,-0.0061267987956603,0.9957620221823048,0.9999915436073822,0.0,stable_by_spectral_radius,ok,,with_h,broader_tuned_surface,outputs/overnight_sweeps/jsalt2_with_h_pair_20260601
run_208__ridge_dmdc__pod3__dmdc2__delay1,ridge_dmdc,3.0,2,1,True,False,1.44568920820644,1.4395624094107795,-0.0061267987956603,0.9957620221823048,0.9999915436073822,0.0,stable_by_spectral_radius,ok,,with_h,broader_tuned_surface,outputs/overnight_sweeps/jsalt2_with_h_pair_20260601
run_220__ridge_dmdc__pod4__dmdc2__delay1,ridge_dmdc,4.0,2,1,True,False,1.44568920820644,1.4395624094107795,-0.0061267987956603,0.9957620221823048,0.9999915436073822,0.0,stable_by_spectral_radius,ok,,with_h,broader_tuned_surface,outputs/overnight_sweeps/jsalt2_with_h_pair_20260601
run_232__ridge_dmdc__pod0p999__dmdc2__delay1,ridge_dmdc,0.999,2,1,True,False,1.44568920820644,1.4395624094107795,-0.0061267987956603,0.9957620221823048,0.9999915436073822,0.0,stable_by_spectral_radius,ok,,with_h,broader_tuned_surface,outputs/overnight_sweeps/jsalt2_with_h_pair_20260601
run_148__dmdc__pod2__dmdc2__delay1,dmdc,2.0,2,1,True,False,1.4456904391370375,1.439563637780391,-0.0061268013566462,0.9957620240192614,0.9999915435968036,0.0,stable_by_spectral_radius,ok,,with_h,broader_tuned_surface,outputs/overnight_sweeps/jsalt2_with_h_pair_20260601
run_160__dmdc__pod3__dmdc2__delay1,dmdc,3.0,2,1,True,False,1.4456904391370375,1.439563637780391,-0.0061268013566462,0.9957620240192614,0.9999915435968036,0.0,stable_by_spectral_radius,ok,,with_h,broader_tuned_surface,outputs/overnight_sweeps/jsalt2_with_h_pair_20260601
run_172__dmdc__pod4__dmdc2__delay1,dmdc,4.0,2,1,True,False,1.4456904391370375,1.439563637780391,-0.0061268013566462,0.9957620240192614,0.9999915435968036,0.0,stable_by_spectral_radius,ok,,with_h,broader_tuned_surface,outputs/overnight_sweeps/jsalt2_with_h_pair_20260601
run_184__dmdc__pod0p999__dmdc2__delay1,dmdc,0.999,2,1,True,False,1.4456904391370375,1.439563637780391,-0.0061268013566462,0.9957620240192614,0.9999915435968036,0.0,stable_by_spectral_radius,ok,,with_h,broader_tuned_surface,outputs/overnight_sweeps/jsalt2_with_h_pair_20260601
run_197__ridge_dmdc__pod2__dmdc2__delay2,ridge_dmdc,2.0,2,2,True,False,1.4547503923579057,1.4471507932717502,-0.0075995990861552,0.9947760116607788,0.999991447472346,0.0,stable_by_spectral_radius,ok,,with_h,broader_tuned_surface,outputs/overnight_sweeps/jsalt2_with_h_pair_20260601
run_209__ridge_dmdc__pod3__dmdc2__delay2,ridge_dmdc,3.0,2,2,True,False,1.4547503923579057,1.4471507932717502,-0.0075995990861552,0.9947760116607788,0.999991447472346,0.0,stable_by_spectral_radius,ok,,with_h,broader_tuned_surface,outputs/overnight_sweeps/jsalt2_with_h_pair_20260601
run_221__ridge_dmdc__pod4__dmdc2__delay2,ridge_dmdc,4.0,2,2,True,False,1.4547503923579057,1.4471507932717502,-0.0075995990861552,0.9947760116607788,0.999991447472346,0.0,stable_by_spectral_radius,ok,,with_h,broader_tuned_surface,outputs/overnight_sweeps/jsalt2_with_h_pair_20260601
run_233__ridge_dmdc__pod0p999__dmdc2__delay2,ridge_dmdc,0.999,2,2,True,False,1.4547503923579057,1.4471507932717502,-0.0075995990861552,0.9947760116607788,0.999991447472346,0.0,stable_by_spectral_radius,ok,,with_h,broader_tuned_surface,outputs/overnight_sweeps/jsalt2_with_h_pair_20260601
run_149__dmdc__pod2__dmdc2__delay2,dmdc,2.0,2,2,True,False,1.4547510211394314,1.4471514201072326,-0.0075996010321988,0.9947760125810076,0.9999914474669072,0.0,stable_by_spectral_radius,ok,,with_h,broader_tuned_surface,outputs/overnight_sweeps/jsalt2_with_h_pair_20260601
run_161__dmdc__pod3__dmdc2__delay2,dmdc,3.0,2,2,True,False,1.4547510211394314,1.4471514201072326,-0.0075996010321988,0.9947760125810076,0.9999914474669072,0.0,stable_by_spectral_radius,ok,,with_h,broader_tuned_surface,outputs/overnight_sweeps/jsalt2_with_h_pair_20260601
run_173__dmdc__pod4__dmdc2__delay2,dmdc,4.0,2,2,True,False,1.4547510211394314,1.4471514201072326,-0.0075996010321988,0.9947760125810076,0.9999914474669072,0.0,stable_by_spectral_radius,ok,,with_h,broader_tuned_surface,outputs/overnight_sweeps/jsalt2_with_h_pair_20260601
run_185__dmdc__pod0p999__dmdc2__delay2,dmdc,0.999,2,2,True,False,1.4547510211394314,1.4471514201072326,-0.0075996010321988,0.9947760125810076,0.9999914474669072,0.0,stable_by_spectral_radius,ok,,with_h,broader_tuned_surface,outputs/overnight_sweeps/jsalt2_with_h_pair_20260601
run_198__ridge_dmdc__pod2__dmdc2__delay4,ridge_dmdc,2.0,2,4,True,False,1.471423278571454,1.4609945205334551,-0.0104287580379989,0.9929124690428144,0.9999912686430512,0.0,stable_by_spectral_radius,ok,,with_h,broader_tuned_surface,outputs/overnight_sweeps/jsalt2_with_h_pair_20260601
run_210__ridge_dmdc__pod3__dmdc2__delay4,ridge_dmdc,3.0,2,4,True,False,1.471423278571454,1.4609945205334551,-0.0104287580379989,0.9929124690428144,0.9999912686430512,0.0,stable_by_spectral_radius,ok,,with_h,broader_tuned_surface,outputs/overnight_sweeps/jsalt2_with_h_pair_20260601
run_222__ridge_dmdc__pod4__dmdc2__delay4,ridge_dmdc,4.0,2,4,True,False,1.471423278571454,1.4609945205334551,-0.0104287580379989,0.9929124690428144,0.9999912686430512,0.0,stable_by_spectral_radius,ok,,with_h,broader_tuned_surface,outputs/overnight_sweeps/jsalt2_with_h_pair_20260601
run_234__ridge_dmdc__pod0p999__dmdc2__delay4,ridge_dmdc,0.999,2,4,True,False,1.471423278571454,1.4609945205334551,-0.0104287580379989,0.9929124690428144,0.9999912686430512,0.0,stable_by_spectral_radius,ok,,with_h,broader_tuned_surface,outputs/overnight_sweeps/jsalt2_with_h_pair_20260601
run_150__dmdc__pod2__dmdc2__delay4,dmdc,2.0,2,4,True,False,1.4714236053041514,1.4609948449933123,-0.010428760310839,0.9929124690719616,0.9999912686401924,0.0,stable_by_spectral_radius,ok,,with_h,broader_tuned_surface,outputs/overnight_sweeps/jsalt2_with_h_pair_20260601
run_162__dmdc__pod3__dmdc2__delay4,dmdc,3.0,2,4,True,False,1.4714236053041514,1.4609948449933123,-0.010428760310839,0.9929124690719616,0.9999912686401924,0.0,stable_by_spectral_radius,ok,,with_h,broader_tuned_surface,outputs/overnight_sweeps/jsalt2_with_h_pair_20260601
run_174__dmdc__pod4__dmdc2__delay4,dmdc,4.0,2,4,True,False,1.4714236053041514,1.4609948449933123,-0.010428760310839,0.9929124690719616,0.9999912686401924,0.0,stable_by_spectral_radius,ok,,with_h,broader_tuned_surface,outputs/overnight_sweeps/jsalt2_with_h_pair_20260601
run_186__dmdc__pod0p999__dmdc2__delay4,dmdc,0.999,2,4,True,False,1.4714236053041514,1.4609948449933123,-0.010428760310839,0.9929124690719616,0.9999912686401924,0.0,stable_by_spectral_radius,ok,,with_h,broader_tuned_surface,outputs/overnight_sweeps/jsalt2_with_h_pair_20260601
run_003__persistence__pod2__dmdcfull__delay4,persistence,2.0,full,4,True,False,2.7560920226077577,2.7550578742252494,-0.0010341483825082,0.9996247772664972,,,not_applicable,ok,,with_h,broader_tuned_surface,outputs/overnight_sweeps/jsalt2_with_h_pair_20260601
run_006__persistence__pod2__dmdc2__delay4,persistence,2.0,2,4,True,False,2.7560920226077577,2.7550578742252494,-0.0010341483825082,0.9996247772664972,,,not_applicable,ok,,with_h,broader_tuned_surface,outputs/overnight_sweeps/jsalt2_with_h_pair_20260601
run_009__persistence__pod2__dmdc3__delay4,persistence,2.0,3,4,True,False,2.7560920226077577,2.7550578742252494,-0.0010341483825082,0.9996247772664972,,,not_applicable,ok,,with_h,broader_tuned_surface,outputs/overnight_sweeps/jsalt2_with_h_pair_20260601
run_012__persistence__pod2__dmdc4__delay4,persistence,2.0,4,4,True,False,2.7560920226077577,2.7550578742252494,-0.0010341483825082,0.9996247772664972,,,not_applicable,ok,,with_h,broader_tuned_surface,outputs/overnight_sweeps/jsalt2_with_h_pair_20260601
run_015__persistence__pod3__dmdcfull__delay4,persistence,3.0,full,4,True,False,2.7560920226077577,2.7550578742252494,-0.0010341483825082,0.9996247772664972,,,not_applicable,ok,,with_h,broader_tuned_surface,outputs/overnight_sweeps/jsalt2_with_h_pair_20260601
run_018__persistence__pod3__dmdc2__delay4,persistence,3.0,2,4,True,False,2.7560920226077577,2.7550578742252494,-0.0010341483825082,0.9996247772664972,,,not_applicable,ok,,with_h,broader_tuned_surface,outputs/overnight_sweeps/jsalt2_with_h_pair_20260601
run_021__persistence__pod3__dmdc3__delay4,persistence,3.0,3,4,True,False,2.7560920226077577,2.7550578742252494,-0.0010341483825082,0.9996247772664972,,,not_applicable,ok,,with_h,broader_tuned_surface,outputs/overnight_sweeps/jsalt2_with_h_pair_20260601
run_024__persistence__pod3__dmdc4__delay4,persistence,3.0,4,4,True,False,2.7560920226077577,2.7550578742252494,-0.0010341483825082,0.9996247772664972,,,not_applicable,ok,,with_h,broader_tuned_surface,outputs/overnight_sweeps/jsalt2_with_h_pair_20260601
run_027__persistence__pod4__dmdcfull__delay4,persistence,4.0,full,4,True,False,2.7560920226077577,2.7550578742252494,-0.0010341483825082,0.9996247772664972,,,not_applicable,ok,,with_h,broader_tuned_surface,outputs/overnight_sweeps/jsalt2_with_h_pair_20260601
run_030__persistence__pod4__dmdc2__delay4,persistence,4.0,2,4,True,False,2.7560920226077577,2.7550578742252494,-0.0010341483825082,0.9996247772664972,,,not_applicable,ok,,with_h,broader_tuned_surface,outputs/overnight_sweeps/jsalt2_with_h_pair_20260601
run_033__persistence__pod4__dmdc3__delay4,persistence,4.0,3,4,True,False,2.7560920226077577,2.7550578742252494,-0.0010341483825082,0.9996247772664972,,,not_applicable,ok,,with_h,broader_tuned_surface,outputs/overnight_sweeps/jsalt2_with_h_pair_20260601
run_036__persistence__pod4__dmdc4__delay4,persistence,4.0,4,4,True,False,2.7560920226077577,2.7550578742252494,-0.0010341483825082,0.9996247772664972,,,not_applicable,ok,,with_h,broader_tuned_surface,outputs/overnight_sweeps/jsalt2_with_h_pair_20260601
run_039__persistence__pod0p999__dmdcfull__delay4,persistence,0.999,full,4,True,False,2.7560920226077577,2.7550578742252494,-0.0010341483825082,0.9996247772664972,,,not_applicable,ok,,with_h,broader_tuned_surface,outputs/overnight_sweeps/jsalt2_with_h_pair_20260601
run_042__persistence__pod0p999__dmdc2__delay4,persistence,0.999,2,4,True,False,2.7560920226077577,2.7550578742252494,-0.0010341483825082,0.9996247772664972,,,not_applicable,ok,,with_h,broader_tuned_surface,outputs/overnight_sweeps/jsalt2_with_h_pair_20260601
run_045__persistence__pod0p999__dmdc3__delay4,persistence,0.999,3,4,True,False,2.7560920226077577,2.7550578742252494,-0.0010341483825082,0.9996247772664972,,,not_applicable,ok,,with_h,broader_tuned_surface,outputs/overnight_sweeps/jsalt2_with_h_pair_20260601
run_048__persistence__pod0p999__dmdc4__delay4,persistence,0.999,4,4,True,False,2.7560920226077577,2.7550578742252494,-0.0010341483825082,0.9996247772664972,,,not_applicable,ok,,with_h,broader_tuned_surface,outputs/overnight_sweeps/jsalt2_with_h_pair_20260601
run_002__persistence__pod2__dmdcfull__delay2,persistence,2.0,full,2,True,False,2.7559433138895693,2.7587328033270273,0.002789489437458,1.001012172283588,,,not_applicable,ok,,with_h,broader_tuned_surface,outputs/overnight_sweeps/jsalt2_with_h_pair_20260601
run_005__persistence__pod2__dmdc2__delay2,persistence,2.0,2,2,True,False,2.7559433138895693,2.7587328033270273,0.002789489437458,1.001012172283588,,,not_applicable,ok,,with_h,broader_tuned_surface,outputs/overnight_sweeps/jsalt2_with_h_pair_20260601
run_008__persistence__pod2__dmdc3__delay2,persistence,2.0,3,2,True,False,2.7559433138895693,2.7587328033270273,0.002789489437458,1.001012172283588,,,not_applicable,ok,,with_h,broader_tuned_surface,outputs/overnight_sweeps/jsalt2_with_h_pair_20260601
run_011__persistence__pod2__dmdc4__delay2,persistence,2.0,4,2,True,False,2.7559433138895693,2.7587328033270273,0.002789489437458,1.001012172283588,,,not_applicable,ok,,with_h,broader_tuned_surface,outputs/overnight_sweeps/jsalt2_with_h_pair_20260601
run_014__persistence__pod3__dmdcfull__delay2,persistence,3.0,full,2,True,False,2.7559433138895693,2.7587328033270273,0.002789489437458,1.001012172283588,,,not_applicable,ok,,with_h,broader_tuned_surface,outputs/overnight_sweeps/jsalt2_with_h_pair_20260601
run_017__persistence__pod3__dmdc2__delay2,persistence,3.0,2,2,True,False,2.7559433138895693,2.7587328033270273,0.002789489437458,1.001012172283588,,,not_applicable,ok,,with_h,broader_tuned_surface,outputs/overnight_sweeps/jsalt2_with_h_pair_20260601
run_020__persistence__pod3__dmdc3__delay2,persistence,3.0,3,2,True,False,2.7559433138895693,2.7587328033270273,0.002789489437458,1.001012172283588,,,not_applicable,ok,,with_h,broader_tuned_surface,outputs/overnight_sweeps/jsalt2_with_h_pair_20260601
run_023__persistence__pod3__dmdc4__delay2,persistence,3.0,4,2,True,False,2.7559433138895693,2.7587328033270273,0.002789489437458,1.001012172283588,,,not_applicable,ok,,with_h,broader_tuned_surface,outputs/overnight_sweeps/jsalt2_with_h_pair_20260601
run_026__persistence__pod4__dmdcfull__delay2,persistence,4.0,full,2,True,False,2.7559433138895693,2.7587328033270273,0.002789489437458,1.001012172283588,,,not_applicable,ok,,with_h,broader_tuned_surface,outputs/overnight_sweeps/jsalt2_with_h_pair_20260601
run_029__persistence__pod4__dmdc2__delay2,persistence,4.0,2,2,True,False,2.7559433138895693,2.7587328033270273,0.002789489437458,1.001012172283588,,,not_applicable,ok,,with_h,broader_tuned_surface,outputs/overnight_sweeps/jsalt2_with_h_pair_20260601
run_032__persistence__pod4__dmdc3__delay2,persistence,4.0,3,2,True,False,2.7559433138895693,2.7587328033270273,0.002789489437458,1.001012172283588,,,not_applicable,ok,,with_h,broader_tuned_surface,outputs/overnight_sweeps/jsalt2_with_h_pair_20260601
run_035__persistence__pod4__dmdc4__delay2,persistence,4.0,4,2,True,False,2.7559433138895693,2.7587328033270273,0.002789489437458,1.001012172283588,,,not_applicable,ok,,with_h,broader_tuned_surface,outputs/overnight_sweeps/jsalt2_with_h_pair_20260601
run_038__persistence__pod0p999__dmdcfull__delay2,persistence,0.999,full,2,True,False,2.7559433138895693,2.7587328033270273,0.002789489437458,1.001012172283588,,,not_applicable,ok,,with_h,broader_tuned_surface,outputs/overnight_sweeps/jsalt2_with_h_pair_20260601
run_041__persistence__pod0p999__dmdc2__delay2,persistence,0.999,2,2,True,False,2.7559433138895693,2.7587328033270273,0.002789489437458,1.001012172283588,,,not_applicable,ok,,with_h,broader_tuned_surface,outputs/overnight_sweeps/jsalt2_with_h_pair_20260601
run_044__persistence__pod0p999__dmdc3__delay2,persistence,0.999,3,2,True,False,2.7559433138895693,2.7587328033270273,0.002789489437458,1.001012172283588,,,not_applicable,ok,,with_h,broader_tuned_surface,outputs/overnight_sweeps/jsalt2_with_h_pair_20260601
run_047__persistence__pod0p999__dmdc4__delay2,persistence,0.999,4,2,True,False,2.7559433138895693,2.7587328033270273,0.002789489437458,1.001012172283588,,,not_applicable,ok,,with_h,broader_tuned_surface,outputs/overnight_sweeps/jsalt2_with_h_pair_20260601
run_001__persistence__pod2__dmdcfull__delay1,persistence,2.0,full,1,True,False,2.758069941409867,2.7626817813380233,0.0046118399281565,1.0016721258075851,,,not_applicable,ok,,with_h,broader_tuned_surface,outputs/overnight_sweeps/jsalt2_with_h_pair_20260601
run_004__persistence__pod2__dmdc2__delay1,persistence,2.0,2,1,True,False,2.758069941409867,2.7626817813380233,0.0046118399281565,1.0016721258075851,,,not_applicable,ok,,with_h,broader_tuned_surface,outputs/overnight_sweeps/jsalt2_with_h_pair_20260601
run_007__persistence__pod2__dmdc3__delay1,persistence,2.0,3,1,True,False,2.758069941409867,2.7626817813380233,0.0046118399281565,1.0016721258075851,,,not_applicable,ok,,with_h,broader_tuned_surface,outputs/overnight_sweeps/jsalt2_with_h_pair_20260601
run_010__persistence__pod2__dmdc4__delay1,persistence,2.0,4,1,True,False,2.758069941409867,2.7626817813380233,0.0046118399281565,1.0016721258075851,,,not_applicable,ok,,with_h,broader_tuned_surface,outputs/overnight_sweeps/jsalt2_with_h_pair_20260601
run_013__persistence__pod3__dmdcfull__delay1,persistence,3.0,full,1,True,False,2.758069941409867,2.7626817813380233,0.0046118399281565,1.0016721258075851,,,not_applicable,ok,,with_h,broader_tuned_surface,outputs/overnight_sweeps/jsalt2_with_h_pair_20260601
run_016__persistence__pod3__dmdc2__delay1,persistence,3.0,2,1,True,False,2.758069941409867,2.7626817813380233,0.0046118399281565,1.0016721258075851,,,not_applicable,ok,,with_h,broader_tuned_surface,outputs/overnight_sweeps/jsalt2_with_h_pair_20260601
run_019__persistence__pod3__dmdc3__delay1,persistence,3.0,3,1,True,False,2.758069941409867,2.7626817813380233,0.0046118399281565,1.0016721258075851,,,not_applicable,ok,,with_h,broader_tuned_surface,outputs/overnight_sweeps/jsalt2_with_h_pair_20260601
run_022__persistence__pod3__dmdc4__delay1,persistence,3.0,4,1,True,False,2.758069941409867,2.7626817813380233,0.0046118399281565,1.0016721258075851,,,not_applicable,ok,,with_h,broader_tuned_surface,outputs/overnight_sweeps/jsalt2_with_h_pair_20260601
run_025__persistence__pod4__dmdcfull__delay1,persistence,4.0,full,1,True,False,2.758069941409867,2.7626817813380233,0.0046118399281565,1.0016721258075851,,,not_applicable,ok,,with_h,broader_tuned_surface,outputs/overnight_sweeps/jsalt2_with_h_pair_20260601
run_028__persistence__pod4__dmdc2__delay1,persistence,4.0,2,1,True,False,2.758069941409867,2.7626817813380233,0.0046118399281565,1.0016721258075851,,,not_applicable,ok,,with_h,broader_tuned_surface,outputs/overnight_sweeps/jsalt2_with_h_pair_20260601
run_031__persistence__pod4__dmdc3__delay1,persistence,4.0,3,1,True,False,2.758069941409867,2.7626817813380233,0.0046118399281565,1.0016721258075851,,,not_applicable,ok,,with_h,broader_tuned_surface,outputs/overnight_sweeps/jsalt2_with_h_pair_20260601
run_034__persistence__pod4__dmdc4__delay1,persistence,4.0,4,1,True,False,2.758069941409867,2.7626817813380233,0.0046118399281565,1.0016721258075851,,,not_applicable,ok,,with_h,broader_tuned_surface,outputs/overnight_sweeps/jsalt2_with_h_pair_20260601
run_037__persistence__pod0p999__dmdcfull__delay1,persistence,0.999,full,1,True,False,2.758069941409867,2.7626817813380233,0.0046118399281565,1.0016721258075851,,,not_applicable,ok,,with_h,broader_tuned_surface,outputs/overnight_sweeps/jsalt2_with_h_pair_20260601
run_040__persistence__pod0p999__dmdc2__delay1,persistence,0.999,2,1,True,False,2.758069941409867,2.7626817813380233,0.0046118399281565,1.0016721258075851,,,not_applicable,ok,,with_h,broader_tuned_surface,outputs/overnight_sweeps/jsalt2_with_h_pair_20260601
run_043__persistence__pod0p999__dmdc3__delay1,persistence,0.999,3,1,True,False,2.758069941409867,2.7626817813380233,0.0046118399281565,1.0016721258075851,,,not_applicable,ok,,with_h,broader_tuned_surface,outputs/overnight_sweeps/jsalt2_with_h_pair_20260601
run_046__persistence__pod0p999__dmdc4__delay1,persistence,0.999,4,1,True,False,2.758069941409867,2.7626817813380233,0.0046118399281565,1.0016721258075851,,,not_applicable,ok,,with_h,broader_tuned_surface,outputs/overnight_sweeps/jsalt2_with_h_pair_20260601
run_102__adaptive_dmdc__pod2__dmdc2__delay4,adaptive_dmdc,2.0,2,4,True,False,4.000118524211457,3.982985364006108,-0.0171331602053488,0.9957168368632962,0.0053136501265459,0.0,stable_by_spectral_radius,ok,,with_h,broader_tuned_surface,outputs/overnight_sweeps/jsalt2_with_h_pair_20260601
run_114__adaptive_dmdc__pod3__dmdc2__delay4,adaptive_dmdc,3.0,2,4,True,False,4.000118524211457,3.982985364006108,-0.0171331602053488,0.9957168368632962,0.0053136501265459,0.0,stable_by_spectral_radius,ok,,with_h,broader_tuned_surface,outputs/overnight_sweeps/jsalt2_with_h_pair_20260601
run_126__adaptive_dmdc__pod4__dmdc2__delay4,adaptive_dmdc,4.0,2,4,True,False,4.000118524211457,3.982985364006108,-0.0171331602053488,0.9957168368632962,0.0053136501265459,0.0,stable_by_spectral_radius,ok,,with_h,broader_tuned_surface,outputs/overnight_sweeps/jsalt2_with_h_pair_20260601
run_138__adaptive_dmdc__pod0p999__dmdc2__delay4,adaptive_dmdc,0.999,2,4,True,False,4.000118524211457,3.982985364006108,-0.0171331602053488,0.9957168368632962,0.0053136501265459,0.0,stable_by_spectral_radius,ok,,with_h,broader_tuned_surface,outputs/overnight_sweeps/jsalt2_with_h_pair_20260601
run_101__adaptive_dmdc__pod2__dmdc2__delay2,adaptive_dmdc,2.0,2,2,True,False,4.467422086413467,4.463665706103442,-0.0037563803100244,0.9991591615393924,0.0052118330338247,0.0,stable_by_spectral_radius,ok,,with_h,broader_tuned_surface,outputs/overnight_sweeps/jsalt2_with_h_pair_20260601
run_113__adaptive_dmdc__pod3__dmdc2__delay2,adaptive_dmdc,3.0,2,2,True,False,4.467422086413467,4.463665706103442,-0.0037563803100244,0.9991591615393924,0.0052118330338247,0.0,stable_by_spectral_radius,ok,,with_h,broader_tuned_surface,outputs/overnight_sweeps/jsalt2_with_h_pair_20260601
run_125__adaptive_dmdc__pod4__dmdc2__delay2,adaptive_dmdc,4.0,2,2,True,False,4.467422086413467,4.463665706103442,-0.0037563803100244,0.9991591615393924,0.0052118330338247,0.0,stable_by_spectral_radius,ok,,with_h,broader_tuned_surface,outputs/overnight_sweeps/jsalt2_with_h_pair_20260601
run_137__adaptive_dmdc__pod0p999__dmdc2__delay2,adaptive_dmdc,0.999,2,2,True,False,4.467422086413467,4.463665706103442,-0.0037563803100244,0.9991591615393924,0.0052118330338247,0.0,stable_by_spectral_radius,ok,,with_h,broader_tuned_surface,outputs/overnight_sweeps/jsalt2_with_h_pair_20260601
run_100__adaptive_dmdc__pod2__dmdc2__delay1,adaptive_dmdc,2.0,2,1,True,False,4.708451050094135,4.707140390321705,-0.0013106597724306,0.9997216367424264,0.0052374555776688,0.0,stable_by_spectral_radius,ok,,with_h,broader_tuned_surface,outputs/overnight_sweeps/jsalt2_with_h_pair_20260601
run_112__adaptive_dmdc__pod3__dmdc2__delay1,adaptive_dmdc,3.0,2,1,True,False,4.708451050094135,4.707140390321705,-0.0013106597724306,0.9997216367424264,0.0052374555776688,0.0,stable_by_spectral_radius,ok,,with_h,broader_tuned_surface,outputs/overnight_sweeps/jsalt2_with_h_pair_20260601
run_124__adaptive_dmdc__pod4__dmdc2__delay1,adaptive_dmdc,4.0,2,1,True,False,4.708451050094135,4.707140390321705,-0.0013106597724306,0.9997216367424264,0.0052374555776688,0.0,stable_by_spectral_radius,ok,,with_h,broader_tuned_surface,outputs/overnight_sweeps/jsalt2_with_h_pair_20260601
run_136__adaptive_dmdc__pod0p999__dmdc2__delay1,adaptive_dmdc,0.999,2,1,True,False,4.708451050094135,4.707140390321705,-0.0013106597724306,0.9997216367424264,0.0052374555776688,0.0,stable_by_spectral_radius,ok,,with_h,broader_tuned_surface,outputs/overnight_sweeps/jsalt2_with_h_pair_20260601
run_099__adaptive_dmdc__pod2__dmdcfull__delay4,adaptive_dmdc,2.0,full,4,True,False,0.1637728667635589,0.1607837184225412,-0.0029891483410176,0.9817482077459564,6.563131387931355,7.0,potentially_unstable,ok,,no_h,broader_tuned_surface,outputs/overnight_sweeps/jsalt2_no_h_repaired_20260601
run_111__adaptive_dmdc__pod3__dmdcfull__delay4,adaptive_dmdc,3.0,full,4,True,False,0.1637728667635589,0.1607837184225412,-0.0029891483410176,0.9817482077459564,6.563131387931355,7.0,potentially_unstable,ok,,no_h,broader_tuned_surface,outputs/overnight_sweeps/jsalt2_no_h_repaired_20260601
run_123__adaptive_dmdc__pod4__dmdcfull__delay4,adaptive_dmdc,4.0,full,4,True,False,0.1637728667635589,0.1607837184225412,-0.0029891483410176,0.9817482077459564,6.563131387931355,7.0,potentially_unstable,ok,,no_h,broader_tuned_surface,outputs/overnight_sweeps/jsalt2_no_h_repaired_20260601
run_135__adaptive_dmdc__pod0p999__dmdcfull__delay4,adaptive_dmdc,0.999,full,4,True,False,0.1637728667635589,0.1607837184225412,-0.0029891483410176,0.9817482077459564,6.563131387931355,7.0,potentially_unstable,ok,,no_h,broader_tuned_surface,outputs/overnight_sweeps/jsalt2_no_h_repaired_20260601
run_147__dmdc__pod2__dmdcfull__delay4,dmdc,2.0,full,4,True,False,0.1749301223117815,0.1707527097057458,-0.0041774126060356,0.9761195353274252,0.9999992030113756,0.0,marginal,ok,,no_h,broader_tuned_surface,outputs/overnight_sweeps/jsalt2_no_h_repaired_20260601
run_159__dmdc__pod3__dmdcfull__delay4,dmdc,3.0,full,4,True,False,0.1749301223117815,0.1707527097057458,-0.0041774126060356,0.9761195353274252,0.9999992030113756,0.0,marginal,ok,,no_h,broader_tuned_surface,outputs/overnight_sweeps/jsalt2_no_h_repaired_20260601
run_171__dmdc__pod4__dmdcfull__delay4,dmdc,4.0,full,4,True,False,0.1749301223117815,0.1707527097057458,-0.0041774126060356,0.9761195353274252,0.9999992030113756,0.0,marginal,ok,,no_h,broader_tuned_surface,outputs/overnight_sweeps/jsalt2_no_h_repaired_20260601
run_183__dmdc__pod0p999__dmdcfull__delay4,dmdc,0.999,full,4,True,False,0.1749301223117815,0.1707527097057458,-0.0041774126060356,0.9761195353274252,0.9999992030113756,0.0,marginal,ok,,no_h,broader_tuned_surface,outputs/overnight_sweeps/jsalt2_no_h_repaired_20260601
run_195__ridge_dmdc__pod2__dmdcfull__delay4,ridge_dmdc,2.0,full,4,True,False,0.23872940273892,0.2477431334792909,0.0090137307403708,1.0377571033854949,0.9999987903882532,0.0,stable_by_spectral_radius,ok,,no_h,broader_tuned_surface,outputs/overnight_sweeps/jsalt2_no_h_repaired_20260601
run_207__ridge_dmdc__pod3__dmdcfull__delay4,ridge_dmdc,3.0,full,4,True,False,0.23872940273892,0.2477431334792909,0.0090137307403708,1.0377571033854949,0.9999987903882532,0.0,stable_by_spectral_radius,ok,,no_h,broader_tuned_surface,outputs/overnight_sweeps/jsalt2_no_h_repaired_20260601
run_219__ridge_dmdc__pod4__dmdcfull__delay4,ridge_dmdc,4.0,full,4,True,False,0.23872940273892,0.2477431334792909,0.0090137307403708,1.0377571033854949,0.9999987903882532,0.0,stable_by_spectral_radius,ok,,no_h,broader_tuned_surface,outputs/overnight_sweeps/jsalt2_no_h_repaired_20260601
run_231__ridge_dmdc__pod0p999__dmdcfull__delay4,ridge_dmdc,0.999,full,4,True,False,0.23872940273892,0.2477431334792909,0.0090137307403708,1.0377571033854949,0.9999987903882532,0.0,stable_by_spectral_radius,ok,,no_h,broader_tuned_surface,outputs/overnight_sweeps/jsalt2_no_h_repaired_20260601
run_146__dmdc__pod2__dmdcfull__delay2,dmdc,2.0,full,2,True,False,0.3141639342704997,0.3058789918871709,-0.0082849423833287,0.9736286012505964,0.99999995281043,0.0,marginal,ok,,no_h,broader_tuned_surface,outputs/overnight_sweeps/jsalt2_no_h_repaired_20260601
run_158__dmdc__pod3__dmdcfull__delay2,dmdc,3.0,full,2,True,False,0.3141639342704997,0.3058789918871709,-0.0082849423833287,0.9736286012505964,0.99999995281043,0.0,marginal,ok,,no_h,broader_tuned_surface,outputs/overnight_sweeps/jsalt2_no_h_repaired_20260601
run_170__dmdc__pod4__dmdcfull__delay2,dmdc,4.0,full,2,True,False,0.3141639342704997,0.3058789918871709,-0.0082849423833287,0.9736286012505964,0.99999995281043,0.0,marginal,ok,,no_h,broader_tuned_surface,outputs/overnight_sweeps/jsalt2_no_h_repaired_20260601
run_182__dmdc__pod0p999__dmdcfull__delay2,dmdc,0.999,full,2,True,False,0.3141639342704997,0.3058789918871709,-0.0082849423833287,0.9736286012505964,0.99999995281043,0.0,marginal,ok,,no_h,broader_tuned_surface,outputs/overnight_sweeps/jsalt2_no_h_repaired_20260601
run_194__ridge_dmdc__pod2__dmdcfull__delay2,ridge_dmdc,2.0,full,2,True,False,0.328277752808747,0.338527769168935,0.010250016360188,1.031223609496802,0.9999990512181872,0.0,marginal,ok,,no_h,broader_tuned_surface,outputs/overnight_sweeps/jsalt2_no_h_repaired_20260601
run_206__ridge_dmdc__pod3__dmdcfull__delay2,ridge_dmdc,3.0,full,2,True,False,0.328277752808747,0.338527769168935,0.010250016360188,1.031223609496802,0.9999990512181872,0.0,marginal,ok,,no_h,broader_tuned_surface,outputs/overnight_sweeps/jsalt2_no_h_repaired_20260601
run_218__ridge_dmdc__pod4__dmdcfull__delay2,ridge_dmdc,4.0,full,2,True,False,0.328277752808747,0.338527769168935,0.010250016360188,1.031223609496802,0.9999990512181872,0.0,marginal,ok,,no_h,broader_tuned_surface,outputs/overnight_sweeps/jsalt2_no_h_repaired_20260601
run_230__ridge_dmdc__pod0p999__dmdcfull__delay2,ridge_dmdc,0.999,full,2,True,False,0.328277752808747,0.338527769168935,0.010250016360188,1.031223609496802,0.9999990512181872,0.0,marginal,ok,,no_h,broader_tuned_surface,outputs/overnight_sweeps/jsalt2_no_h_repaired_20260601
run_267__pod_dmdc__pod4__dmdcfull__delay4,pod_dmdc,4.0,full,4,True,False,0.3619037203037268,0.3591991434286486,-0.0027045768750781,0.9925268055470436,0.9951173082292484,0.0,stable_by_spectral_radius,ok,,no_h,broader_tuned_surface,outputs/overnight_sweeps/jsalt2_no_h_repaired_20260601
run_276__pod_dmdc__pod4__dmdc4__delay4,pod_dmdc,4.0,4,4,True,False,0.3619037203037268,0.3591991434286486,-0.0027045768750781,0.9925268055470436,0.9951173082292484,0.0,stable_by_spectral_radius,ok,,no_h,broader_tuned_surface,outputs/overnight_sweeps/jsalt2_no_h_repaired_20260601
run_279__pod_dmdc__pod0p999__dmdcfull__delay4,pod_dmdc,0.999,full,4,True,False,0.3619037203037268,0.3591991434286486,-0.0027045768750781,0.9925268055470436,0.9951173082292484,0.0,stable_by_spectral_radius,ok,,no_h,broader_tuned_surface,outputs/overnight_sweeps/jsalt2_no_h_repaired_20260601
run_288__pod_dmdc__pod0p999__dmdc4__delay4,pod_dmdc,0.999,4,4,True,False,0.3619037203037268,0.3591991434286486,-0.0027045768750781,0.9925268055470436,0.9951173082292484,0.0,stable_by_spectral_radius,ok,,no_h,broader_tuned_surface,outputs/overnight_sweeps/jsalt2_no_h_repaired_20260601
run_266__pod_dmdc__pod4__dmdcfull__delay2,pod_dmdc,4.0,full,2,True,False,0.3717804765720156,0.3688104625672391,-0.0029700140047764,0.99201137716493,0.9951246756368808,0.0,stable_by_spectral_radius,ok,,no_h,broader_tuned_surface,outputs/overnight_sweeps/jsalt2_no_h_repaired_20260601
run_275__pod_dmdc__pod4__dmdc4__delay2,pod_dmdc,4.0,4,2,True,False,0.3717804765720156,0.3688104625672391,-0.0029700140047764,0.99201137716493,0.9951246756368808,0.0,stable_by_spectral_radius,ok,,no_h,broader_tuned_surface,outputs/overnight_sweeps/jsalt2_no_h_repaired_20260601
run_278__pod_dmdc__pod0p999__dmdcfull__delay2,pod_dmdc,0.999,full,2,True,False,0.3717804765720156,0.3688104625672391,-0.0029700140047764,0.99201137716493,0.9951246756368808,0.0,stable_by_spectral_radius,ok,,no_h,broader_tuned_surface,outputs/overnight_sweeps/jsalt2_no_h_repaired_20260601
run_287__pod_dmdc__pod0p999__dmdc4__delay2,pod_dmdc,0.999,4,2,True,False,0.3717804765720156,0.3688104625672391,-0.0029700140047764,0.99201137716493,0.9951246756368808,0.0,stable_by_spectral_radius,ok,,no_h,broader_tuned_surface,outputs/overnight_sweeps/jsalt2_no_h_repaired_20260601
run_265__pod_dmdc__pod4__dmdcfull__delay1,pod_dmdc,4.0,full,1,True,False,0.3757088921170613,0.3728960398055053,-0.0028128523115559,0.9925132133665882,0.9951078142915234,0.0,stable_by_spectral_radius,ok,,no_h,broader_tuned_surface,outputs/overnight_sweeps/jsalt2_no_h_repaired_20260601
run_274__pod_dmdc__pod4__dmdc4__delay1,pod_dmdc,4.0,4,1,True,False,0.3757088921170613,0.3728960398055053,-0.0028128523115559,0.9925132133665882,0.9951078142915234,0.0,stable_by_spectral_radius,ok,,no_h,broader_tuned_surface,outputs/overnight_sweeps/jsalt2_no_h_repaired_20260601
run_277__pod_dmdc__pod0p999__dmdcfull__delay1,pod_dmdc,0.999,full,1,True,False,0.3757088921170613,0.3728960398055053,-0.0028128523115559,0.9925132133665882,0.9951078142915234,0.0,stable_by_spectral_radius,ok,,no_h,broader_tuned_surface,outputs/overnight_sweeps/jsalt2_no_h_repaired_20260601
run_286__pod_dmdc__pod0p999__dmdc4__delay1,pod_dmdc,0.999,4,1,True,False,0.3757088921170613,0.3728960398055053,-0.0028128523115559,0.9925132133665882,0.9951078142915234,0.0,stable_by_spectral_radius,ok,,no_h,broader_tuned_surface,outputs/overnight_sweeps/jsalt2_no_h_repaired_20260601
run_098__adaptive_dmdc__pod2__dmdcfull__delay2,adaptive_dmdc,2.0,full,2,True,False,0.4577678008121854,0.3981414362987556,-0.0596263645134298,0.8697453940455424,2.266888780908941,1.0,potentially_unstable,ok,,no_h,broader_tuned_surface,outputs/overnight_sweeps/jsalt2_no_h_repaired_20260601
run_110__adaptive_dmdc__pod3__dmdcfull__delay2,adaptive_dmdc,3.0,full,2,True,False,0.4577678008121854,0.3981414362987556,-0.0596263645134298,0.8697453940455424,2.266888780908941,1.0,potentially_unstable,ok,,no_h,broader_tuned_surface,outputs/overnight_sweeps/jsalt2_no_h_repaired_20260601
run_122__adaptive_dmdc__pod4__dmdcfull__delay2,adaptive_dmdc,4.0,full,2,True,False,0.4577678008121854,0.3981414362987556,-0.0596263645134298,0.8697453940455424,2.266888780908941,1.0,potentially_unstable,ok,,no_h,broader_tuned_surface,outputs/overnight_sweeps/jsalt2_no_h_repaired_20260601
run_134__adaptive_dmdc__pod0p999__dmdcfull__delay2,adaptive_dmdc,0.999,full,2,True,False,0.4577678008121854,0.3981414362987556,-0.0596263645134298,0.8697453940455424,2.266888780908941,1.0,potentially_unstable,ok,,no_h,broader_tuned_surface,outputs/overnight_sweeps/jsalt2_no_h_repaired_20260601
run_273__pod_dmdc__pod4__dmdc3__delay4,pod_dmdc,4.0,3,4,True,False,0.4384126673240835,0.4352675057182478,-0.0031451616058357,0.9928260247929588,0.9929464049998844,0.0,stable_by_spectral_radius,ok,,no_h,broader_tuned_surface,outputs/overnight_sweeps/jsalt2_no_h_repaired_20260601
run_285__pod_dmdc__pod0p999__dmdc3__delay4,pod_dmdc,0.999,3,4,True,False,0.4384126673240835,0.4352675057182478,-0.0031451616058357,0.9928260247929588,0.9929464049998844,0.0,stable_by_spectral_radius,ok,,no_h,broader_tuned_surface,outputs/overnight_sweeps/jsalt2_no_h_repaired_20260601
run_255__pod_dmdc__pod3__dmdcfull__delay4,pod_dmdc,3.0,full,4,True,False,0.4388351235463105,0.4356989163529959,-0.0031362071933145,0.9928533359682556,0.9929463960237852,0.0,stable_by_spectral_radius,ok,,no_h,broader_tuned_surface,outputs/overnight_sweeps/jsalt2_no_h_repaired_20260601
run_261__pod_dmdc__pod3__dmdc3__delay4,pod_dmdc,3.0,3,4,True,False,0.4388351235463105,0.4356989163529959,-0.0031362071933145,0.9928533359682556,0.9929463960237852,0.0,stable_by_spectral_radius,ok,,no_h,broader_tuned_surface,outputs/overnight_sweeps/jsalt2_no_h_repaired_20260601
run_264__pod_dmdc__pod3__dmdc4__delay4,pod_dmdc,3.0,4,4,True,False,0.4388351235463105,0.4356989163529959,-0.0031362071933145,0.9928533359682556,0.9929463960237852,0.0,stable_by_spectral_radius,ok,,no_h,broader_tuned_surface,outputs/overnight_sweeps/jsalt2_no_h_repaired_20260601
run_272__pod_dmdc__pod4__dmdc3__delay2,pod_dmdc,4.0,3,2,True,False,0.4479589499768776,0.4450468455817551,-0.0029121043951224,0.9934991713073872,0.9932489022675888,0.0,stable_by_spectral_radius,ok,,no_h,broader_tuned_surface,outputs/overnight_sweeps/jsalt2_no_h_repaired_20260601
run_284__pod_dmdc__pod0p999__dmdc3__delay2,pod_dmdc,0.999,3,2,True,False,0.4479589499768776,0.4450468455817551,-0.0029121043951224,0.9934991713073872,0.9932489022675888,0.0,stable_by_spectral_radius,ok,,no_h,broader_tuned_surface,outputs/overnight_sweeps/jsalt2_no_h_repaired_20260601
run_254__pod_dmdc__pod3__dmdcfull__delay2,pod_dmdc,3.0,full,2,True,False,0.4483198868953824,0.4454160682486974,-0.0029038186466849,0.9935228868235272,0.9932488908394224,0.0,stable_by_spectral_radius,ok,,no_h,broader_tuned_surface,outputs/overnight_sweeps/jsalt2_no_h_repaired_20260601
run_260__pod_dmdc__pod3__dmdc3__delay2,pod_dmdc,3.0,3,2,True,False,0.4483198868953824,0.4454160682486974,-0.0029038186466849,0.9935228868235272,0.9932488908394224,0.0,stable_by_spectral_radius,ok,,no_h,broader_tuned_surface,outputs/overnight_sweeps/jsalt2_no_h_repaired_20260601
run_263__pod_dmdc__pod3__dmdc4__delay2,pod_dmdc,3.0,4,2,True,False,0.4483198868953824,0.4454160682486974,-0.0029038186466849,0.9935228868235272,0.9932488908394224,0.0,stable_by_spectral_radius,ok,,no_h,broader_tuned_surface,outputs/overnight_sweeps/jsalt2_no_h_repaired_20260601
run_271__pod_dmdc__pod4__dmdc3__delay1,pod_dmdc,4.0,3,1,True,False,0.4526005748136728,0.4498241783229735,-0.0027763964906992,0.9938656805907896,0.9933966774613974,0.0,stable_by_spectral_radius,ok,,no_h,broader_tuned_surface,outputs/overnight_sweeps/jsalt2_no_h_repaired_20260601
run_283__pod_dmdc__pod0p999__dmdc3__delay1,pod_dmdc,0.999,3,1,True,False,0.4526005748136728,0.4498241783229735,-0.0027763964906992,0.9938656805907896,0.9933966774613974,0.0,stable_by_spectral_radius,ok,,no_h,broader_tuned_surface,outputs/overnight_sweeps/jsalt2_no_h_repaired_20260601
run_253__pod_dmdc__pod3__dmdcfull__delay1,pod_dmdc,3.0,full,1,True,False,0.4529391414088004,0.4501729862382415,-0.0027661551705588,0.9938928767296304,0.9933966645606264,0.0,stable_by_spectral_radius,ok,,no_h,broader_tuned_surface,outputs/overnight_sweeps/jsalt2_no_h_repaired_20260601
run_259__pod_dmdc__pod3__dmdc3__delay1,pod_dmdc,3.0,3,1,True,False,0.4529391414088004,0.4501729862382415,-0.0027661551705588,0.9938928767296304,0.9933966645606264,0.0,stable_by_spectral_radius,ok,,no_h,broader_tuned_surface,outputs/overnight_sweeps/jsalt2_no_h_repaired_20260601
run_262__pod_dmdc__pod3__dmdc4__delay1,pod_dmdc,3.0,4,1,True,False,0.4529391414088004,0.4501729862382415,-0.0027661551705588,0.9938928767296304,0.9933966645606264,0.0,stable_by_spectral_radius,ok,,no_h,broader_tuned_surface,outputs/overnight_sweeps/jsalt2_no_h_repaired_20260601
run_270__pod_dmdc__pod4__dmdc2__delay4,pod_dmdc,4.0,2,4,True,False,0.4589993024563886,0.459269234159654,0.0002699317032653,1.000588087393207,0.9932601844236998,0.0,stable_by_spectral_radius,ok,,no_h,broader_tuned_surface,outputs/overnight_sweeps/jsalt2_no_h_repaired_20260601
run_282__pod_dmdc__pod0p999__dmdc2__delay4,pod_dmdc,0.999,2,4,True,False,0.4589993024563886,0.459269234159654,0.0002699317032653,1.000588087393207,0.9932601844236998,0.0,stable_by_spectral_radius,ok,,no_h,broader_tuned_surface,outputs/overnight_sweeps/jsalt2_no_h_repaired_20260601
run_258__pod_dmdc__pod3__dmdc2__delay4,pod_dmdc,3.0,2,4,True,False,0.4594871153170785,0.4597531716070266,0.0002660562899481,1.0005790288368903,0.9932601832100642,0.0,stable_by_spectral_radius,ok,,no_h,broader_tuned_surface,outputs/overnight_sweeps/jsalt2_no_h_repaired_20260601
run_243__pod_dmdc__pod2__dmdcfull__delay4,pod_dmdc,2.0,full,4,True,False,0.4607877171878672,0.4610461107174052,0.0002583935295379,1.0005607647945025,0.9932603886866616,0.0,stable_by_spectral_radius,ok,,no_h,broader_tuned_surface,outputs/overnight_sweeps/jsalt2_no_h_repaired_20260601
run_246__pod_dmdc__pod2__dmdc2__delay4,pod_dmdc,2.0,2,4,True,False,0.4607877171878672,0.4610461107174052,0.0002583935295379,1.0005607647945025,0.9932603886866616,0.0,stable_by_spectral_radius,ok,,no_h,broader_tuned_surface,outputs/overnight_sweeps/jsalt2_no_h_repaired_20260601
run_249__pod_dmdc__pod2__dmdc3__delay4,pod_dmdc,2.0,3,4,True,False,0.4607877171878672,0.4610461107174052,0.0002583935295379,1.0005607647945025,0.9932603886866616,0.0,stable_by_spectral_radius,ok,,no_h,broader_tuned_surface,outputs/overnight_sweeps/jsalt2_no_h_repaired_20260601
run_252__pod_dmdc__pod2__dmdc4__delay4,pod_dmdc,2.0,4,4,True,False,0.4607877171878672,0.4610461107174052,0.0002583935295379,1.0005607647945025,0.9932603886866616,0.0,stable_by_spectral_radius,ok,,no_h,broader_tuned_surface,outputs/overnight_sweeps/jsalt2_no_h_repaired_20260601
run_269__pod_dmdc__pod4__dmdc2__delay2,pod_dmdc,4.0,2,2,True,False,0.4648726895715709,0.4653014939743366,0.0004288044027656,1.0009224125494678,0.993307839810573,0.0,stable_by_spectral_radius,ok,,no_h,broader_tuned_surface,outputs/overnight_sweeps/jsalt2_no_h_repaired_20260601
run_281__pod_dmdc__pod0p999__dmdc2__delay2,pod_dmdc,0.999,2,2,True,False,0.4648726895715709,0.4653014939743366,0.0004288044027656,1.0009224125494678,0.993307839810573,0.0,stable_by_spectral_radius,ok,,no_h,broader_tuned_surface,outputs/overnight_sweeps/jsalt2_no_h_repaired_20260601
run_257__pod_dmdc__pod3__dmdc2__delay2,pod_dmdc,3.0,2,2,True,False,0.4652950869874636,0.4657202217438074,0.0004251347563437,1.0009136884704637,0.9933078385202252,0.0,stable_by_spectral_radius,ok,,no_h,broader_tuned_surface,outputs/overnight_sweeps/jsalt2_no_h_repaired_20260601
run_242__pod_dmdc__pod2__dmdcfull__delay2,pod_dmdc,2.0,full,2,True,False,0.4665916029131068,0.4670085459786914,0.0004169430655845,1.0008935931615175,0.9933080250398628,0.0,stable_by_spectral_radius,ok,,no_h,broader_tuned_surface,outputs/overnight_sweeps/jsalt2_no_h_repaired_20260601
run_245__pod_dmdc__pod2__dmdc2__delay2,pod_dmdc,2.0,2,2,True,False,0.4665916029131068,0.4670085459786914,0.0004169430655845,1.0008935931615175,0.9933080250398628,0.0,stable_by_spectral_radius,ok,,no_h,broader_tuned_surface,outputs/overnight_sweeps/jsalt2_no_h_repaired_20260601
run_248__pod_dmdc__pod2__dmdc3__delay2,pod_dmdc,2.0,3,2,True,False,0.4665916029131068,0.4670085459786914,0.0004169430655845,1.0008935931615175,0.9933080250398628,0.0,stable_by_spectral_radius,ok,,no_h,broader_tuned_surface,outputs/overnight_sweeps/jsalt2_no_h_repaired_20260601
run_251__pod_dmdc__pod2__dmdc4__delay2,pod_dmdc,2.0,4,2,True,False,0.4665916029131068,0.4670085459786914,0.0004169430655845,1.0008935931615175,0.9933080250398628,0.0,stable_by_spectral_radius,ok,,no_h,broader_tuned_surface,outputs/overnight_sweeps/jsalt2_no_h_repaired_20260601
run_268__pod_dmdc__pod4__dmdc2__delay1,pod_dmdc,4.0,2,1,True,False,0.4677057560561233,0.4681891750629942,0.0004834190068708,1.0010335964452248,0.9933294635462794,0.0,stable_by_spectral_radius,ok,,no_h,broader_tuned_surface,outputs/overnight_sweeps/jsalt2_no_h_repaired_20260601
run_280__pod_dmdc__pod0p999__dmdc2__delay1,pod_dmdc,0.999,2,1,True,False,0.4677057560561233,0.4681891750629942,0.0004834190068708,1.0010335964452248,0.9933294635462794,0.0,stable_by_spectral_radius,ok,,no_h,broader_tuned_surface,outputs/overnight_sweeps/jsalt2_no_h_repaired_20260601
run_256__pod_dmdc__pod3__dmdc2__delay1,pod_dmdc,3.0,2,1,True,False,0.4681032302259209,0.4685851732690766,0.0004819430431557,1.0010295657283184,0.9933294622120552,0.0,stable_by_spectral_radius,ok,,no_h,broader_tuned_surface,outputs/overnight_sweeps/jsalt2_no_h_repaired_20260601
run_241__pod_dmdc__pod2__dmdcfull__delay1,pod_dmdc,2.0,full,1,True,False,0.4693980988205829,0.4698741326036466,0.0004760337830637,1.0010141365809957,0.9933296397743424,0.0,stable_by_spectral_radius,ok,,no_h,broader_tuned_surface,outputs/overnight_sweeps/jsalt2_no_h_repaired_20260601
run_244__pod_dmdc__pod2__dmdc2__delay1,pod_dmdc,2.0,2,1,True,False,0.4693980988205829,0.4698741326036466,0.0004760337830637,1.0010141365809957,0.9933296397743424,0.0,stable_by_spectral_radius,ok,,no_h,broader_tuned_surface,outputs/overnight_sweeps/jsalt2_no_h_repaired_20260601
run_247__pod_dmdc__pod2__dmdc3__delay1,pod_dmdc,2.0,3,1,True,False,0.4693980988205829,0.4698741326036466,0.0004760337830637,1.0010141365809957,0.9933296397743424,0.0,stable_by_spectral_radius,ok,,no_h,broader_tuned_surface,outputs/overnight_sweeps/jsalt2_no_h_repaired_20260601
run_250__pod_dmdc__pod2__dmdc4__delay1,pod_dmdc,2.0,4,1,True,False,0.4693980988205829,0.4698741326036466,0.0004760337830637,1.0010141365809957,0.9933296397743424,0.0,stable_by_spectral_radius,ok,,no_h,broader_tuned_surface,outputs/overnight_sweeps/jsalt2_no_h_repaired_20260601
run_106__adaptive_dmdc__pod2__dmdc4__delay1,adaptive_dmdc,2.0,4,1,True,False,0.5552949065015739,0.5540235481159099,-0.0012713583856639,0.9977104807359504,0.034817225925113,0.0,stable_by_spectral_radius,ok,,no_h,broader_tuned_surface,outputs/overnight_sweeps/jsalt2_no_h_repaired_20260601
run_118__adaptive_dmdc__pod3__dmdc4__delay1,adaptive_dmdc,3.0,4,1,True,False,0.5552949065015739,0.5540235481159099,-0.0012713583856639,0.9977104807359504,0.034817225925113,0.0,stable_by_spectral_radius,ok,,no_h,broader_tuned_surface,outputs/overnight_sweeps/jsalt2_no_h_repaired_20260601
run_130__adaptive_dmdc__pod4__dmdc4__delay1,adaptive_dmdc,4.0,4,1,True,False,0.5552949065015739,0.5540235481159099,-0.0012713583856639,0.9977104807359504,0.034817225925113,0.0,stable_by_spectral_radius,ok,,no_h,broader_tuned_surface,outputs/overnight_sweeps/jsalt2_no_h_repaired_20260601
run_142__adaptive_dmdc__pod0p999__dmdc4__delay1,adaptive_dmdc,0.999,4,1,True,False,0.5552949065015739,0.5540235481159099,-0.0012713583856639,0.9977104807359504,0.034817225925113,0.0,stable_by_spectral_radius,ok,,no_h,broader_tuned_surface,outputs/overnight_sweeps/jsalt2_no_h_repaired_20260601
run_107__adaptive_dmdc__pod2__dmdc4__delay2,adaptive_dmdc,2.0,4,2,True,False,0.5621460674316933,0.5605927521926349,-0.0015533152390583,0.997236812051083,0.0347067319859241,0.0,stable_by_spectral_radius,ok,,no_h,broader_tuned_surface,outputs/overnight_sweeps/jsalt2_no_h_repaired_20260601
run_119__adaptive_dmdc__pod3__dmdc4__delay2,adaptive_dmdc,3.0,4,2,True,False,0.5621460674316933,0.5605927521926349,-0.0015533152390583,0.997236812051083,0.0347067319859241,0.0,stable_by_spectral_radius,ok,,no_h,broader_tuned_surface,outputs/overnight_sweeps/jsalt2_no_h_repaired_20260601
run_131__adaptive_dmdc__pod4__dmdc4__delay2,adaptive_dmdc,4.0,4,2,True,False,0.5621460674316933,0.5605927521926349,-0.0015533152390583,0.997236812051083,0.0347067319859241,0.0,stable_by_spectral_radius,ok,,no_h,broader_tuned_surface,outputs/overnight_sweeps/jsalt2_no_h_repaired_20260601
run_143__adaptive_dmdc__pod0p999__dmdc4__delay2,adaptive_dmdc,0.999,4,2,True,False,0.5621460674316933,0.5605927521926349,-0.0015533152390583,0.997236812051083,0.0347067319859241,0.0,stable_by_spectral_radius,ok,,no_h,broader_tuned_surface,outputs/overnight_sweeps/jsalt2_no_h_repaired_20260601
run_108__adaptive_dmdc__pod2__dmdc4__delay4,adaptive_dmdc,2.0,4,4,True,False,0.5887611829071214,0.5877813109193952,-0.0009798719877261,0.9983357055183428,0.0346107523466905,0.0,stable_by_spectral_radius,ok,,no_h,broader_tuned_surface,outputs/overnight_sweeps/jsalt2_no_h_repaired_20260601
run_120__adaptive_dmdc__pod3__dmdc4__delay4,adaptive_dmdc,3.0,4,4,True,False,0.5887611829071214,0.5877813109193952,-0.0009798719877261,0.9983357055183428,0.0346107523466905,0.0,stable_by_spectral_radius,ok,,no_h,broader_tuned_surface,outputs/overnight_sweeps/jsalt2_no_h_repaired_20260601
run_132__adaptive_dmdc__pod4__dmdc4__delay4,adaptive_dmdc,4.0,4,4,True,False,0.5887611829071214,0.5877813109193952,-0.0009798719877261,0.9983357055183428,0.0346107523466905,0.0,stable_by_spectral_radius,ok,,no_h,broader_tuned_surface,outputs/overnight_sweeps/jsalt2_no_h_repaired_20260601
run_144__adaptive_dmdc__pod0p999__dmdc4__delay4,adaptive_dmdc,0.999,4,4,True,False,0.5887611829071214,0.5877813109193952,-0.0009798719877261,0.9983357055183428,0.0346107523466905,0.0,stable_by_spectral_radius,ok,,no_h,broader_tuned_surface,outputs/overnight_sweeps/jsalt2_no_h_repaired_20260601
run_204__ridge_dmdc__pod2__dmdc4__delay4,ridge_dmdc,2.0,4,4,True,False,0.7563160086427173,0.7488144710004706,-0.0075015376422467,0.9900814771120487,0.9999959930226228,0.0,stable_by_spectral_radius,ok,,no_h,broader_tuned_surface,outputs/overnight_sweeps/jsalt2_no_h_repaired_20260601
run_216__ridge_dmdc__pod3__dmdc4__delay4,ridge_dmdc,3.0,4,4,True,False,0.7563160086427173,0.7488144710004706,-0.0075015376422467,0.9900814771120487,0.9999959930226228,0.0,stable_by_spectral_radius,ok,,no_h,broader_tuned_surface,outputs/overnight_sweeps/jsalt2_no_h_repaired_20260601
run_228__ridge_dmdc__pod4__dmdc4__delay4,ridge_dmdc,4.0,4,4,True,False,0.7563160086427173,0.7488144710004706,-0.0075015376422467,0.9900814771120487,0.9999959930226228,0.0,stable_by_spectral_radius,ok,,no_h,broader_tuned_surface,outputs/overnight_sweeps/jsalt2_no_h_repaired_20260601
run_240__ridge_dmdc__pod0p999__dmdc4__delay4,ridge_dmdc,0.999,4,4,True,False,0.7563160086427173,0.7488144710004706,-0.0075015376422467,0.9900814771120487,0.9999959930226228,0.0,stable_by_spectral_radius,ok,,no_h,broader_tuned_surface,outputs/overnight_sweeps/jsalt2_no_h_repaired_20260601
run_156__dmdc__pod2__dmdc4__delay4,dmdc,2.0,4,4,True,False,0.756316088543706,0.7488145515610617,-0.0075015369826443,0.990081479032016,0.9999959930231276,0.0,stable_by_spectral_radius,ok,,no_h,broader_tuned_surface,outputs/overnight_sweeps/jsalt2_no_h_repaired_20260601
run_168__dmdc__pod3__dmdc4__delay4,dmdc,3.0,4,4,True,False,0.756316088543706,0.7488145515610617,-0.0075015369826443,0.990081479032016,0.9999959930231276,0.0,stable_by_spectral_radius,ok,,no_h,broader_tuned_surface,outputs/overnight_sweeps/jsalt2_no_h_repaired_20260601
run_180__dmdc__pod4__dmdc4__delay4,dmdc,4.0,4,4,True,False,0.756316088543706,0.7488145515610617,-0.0075015369826443,0.990081479032016,0.9999959930231276,0.0,stable_by_spectral_radius,ok,,no_h,broader_tuned_surface,outputs/overnight_sweeps/jsalt2_no_h_repaired_20260601
run_192__dmdc__pod0p999__dmdc4__delay4,dmdc,0.999,4,4,True,False,0.756316088543706,0.7488145515610617,-0.0075015369826443,0.990081479032016,0.9999959930231276,0.0,stable_by_spectral_radius,ok,,no_h,broader_tuned_surface,outputs/overnight_sweeps/jsalt2_no_h_repaired_20260601
run_104__adaptive_dmdc__pod2__dmdc3__delay2,adaptive_dmdc,2.0,3,2,True,False,0.7525811079346337,0.7511992441815288,-0.0013818637531048,0.99816383411896,0.0334568525455147,0.0,stable_by_spectral_radius,ok,,no_h,broader_tuned_surface,outputs/overnight_sweeps/jsalt2_no_h_repaired_20260601
run_116__adaptive_dmdc__pod3__dmdc3__delay2,adaptive_dmdc,3.0,3,2,True,False,0.7525811079346337,0.7511992441815288,-0.0013818637531048,0.99816383411896,0.0334568525455147,0.0,stable_by_spectral_radius,ok,,no_h,broader_tuned_surface,outputs/overnight_sweeps/jsalt2_no_h_repaired_20260601
run_128__adaptive_dmdc__pod4__dmdc3__delay2,adaptive_dmdc,4.0,3,2,True,False,0.7525811079346337,0.7511992441815288,-0.0013818637531048,0.99816383411896,0.0334568525455147,0.0,stable_by_spectral_radius,ok,,no_h,broader_tuned_surface,outputs/overnight_sweeps/jsalt2_no_h_repaired_20260601
run_140__adaptive_dmdc__pod0p999__dmdc3__delay2,adaptive_dmdc,0.999,3,2,True,False,0.7525811079346337,0.7511992441815288,-0.0013818637531048,0.99816383411896,0.0334568525455147,0.0,stable_by_spectral_radius,ok,,no_h,broader_tuned_surface,outputs/overnight_sweeps/jsalt2_no_h_repaired_20260601
run_203__ridge_dmdc__pod2__dmdc4__delay2,ridge_dmdc,2.0,4,2,True,False,0.7605365150829687,0.7533250833605832,-0.0072114317223854,0.9905179678038224,0.9999959944035232,0.0,stable_by_spectral_radius,ok,,no_h,broader_tuned_surface,outputs/overnight_sweeps/jsalt2_no_h_repaired_20260601
run_215__ridge_dmdc__pod3__dmdc4__delay2,ridge_dmdc,3.0,4,2,True,False,0.7605365150829687,0.7533250833605832,-0.0072114317223854,0.9905179678038224,0.9999959944035232,0.0,stable_by_spectral_radius,ok,,no_h,broader_tuned_surface,outputs/overnight_sweeps/jsalt2_no_h_repaired_20260601
run_227__ridge_dmdc__pod4__dmdc4__delay2,ridge_dmdc,4.0,4,2,True,False,0.7605365150829687,0.7533250833605832,-0.0072114317223854,0.9905179678038224,0.9999959944035232,0.0,stable_by_spectral_radius,ok,,no_h,broader_tuned_surface,outputs/overnight_sweeps/jsalt2_no_h_repaired_20260601
run_239__ridge_dmdc__pod0p999__dmdc4__delay2,ridge_dmdc,0.999,4,2,True,False,0.7605365150829687,0.7533250833605832,-0.0072114317223854,0.9905179678038224,0.9999959944035232,0.0,stable_by_spectral_radius,ok,,no_h,broader_tuned_surface,outputs/overnight_sweeps/jsalt2_no_h_repaired_20260601
run_155__dmdc__pod2__dmdc4__delay2,dmdc,2.0,4,2,True,False,0.7605367017505668,0.7533252717764115,-0.0072114299741552,0.9905179724297902,0.999995994404548,0.0,stable_by_spectral_radius,ok,,no_h,broader_tuned_surface,outputs/overnight_sweeps/jsalt2_no_h_repaired_20260601
run_167__dmdc__pod3__dmdc4__delay2,dmdc,3.0,4,2,True,False,0.7605367017505668,0.7533252717764115,-0.0072114299741552,0.9905179724297902,0.999995994404548,0.0,stable_by_spectral_radius,ok,,no_h,broader_tuned_surface,outputs/overnight_sweeps/jsalt2_no_h_repaired_20260601
run_179__dmdc__pod4__dmdc4__delay2,dmdc,4.0,4,2,True,False,0.7605367017505668,0.7533252717764115,-0.0072114299741552,0.9905179724297902,0.999995994404548,0.0,stable_by_spectral_radius,ok,,no_h,broader_tuned_surface,outputs/overnight_sweeps/jsalt2_no_h_repaired_20260601
run_191__dmdc__pod0p999__dmdc4__delay2,dmdc,0.999,4,2,True,False,0.7605367017505668,0.7533252717764115,-0.0072114299741552,0.9905179724297902,0.999995994404548,0.0,stable_by_spectral_radius,ok,,no_h,broader_tuned_surface,outputs/overnight_sweeps/jsalt2_no_h_repaired_20260601
run_103__adaptive_dmdc__pod2__dmdc3__delay1,adaptive_dmdc,2.0,3,1,True,False,0.7549062676474688,0.7541499649792025,-0.0007563026682663,0.99899815023311,0.0337420986898093,0.0,stable_by_spectral_radius,ok,,no_h,broader_tuned_surface,outputs/overnight_sweeps/jsalt2_no_h_repaired_20260601
run_115__adaptive_dmdc__pod3__dmdc3__delay1,adaptive_dmdc,3.0,3,1,True,False,0.7549062676474688,0.7541499649792025,-0.0007563026682663,0.99899815023311,0.0337420986898093,0.0,stable_by_spectral_radius,ok,,no_h,broader_tuned_surface,outputs/overnight_sweeps/jsalt2_no_h_repaired_20260601
run_127__adaptive_dmdc__pod4__dmdc3__delay1,adaptive_dmdc,4.0,3,1,True,False,0.7549062676474688,0.7541499649792025,-0.0007563026682663,0.99899815023311,0.0337420986898093,0.0,stable_by_spectral_radius,ok,,no_h,broader_tuned_surface,outputs/overnight_sweeps/jsalt2_no_h_repaired_20260601
run_139__adaptive_dmdc__pod0p999__dmdc3__delay1,adaptive_dmdc,0.999,3,1,True,False,0.7549062676474688,0.7541499649792025,-0.0007563026682663,0.99899815023311,0.0337420986898093,0.0,stable_by_spectral_radius,ok,,no_h,broader_tuned_surface,outputs/overnight_sweeps/jsalt2_no_h_repaired_20260601
run_202__ridge_dmdc__pod2__dmdc4__delay1,ridge_dmdc,2.0,4,1,True,False,0.7620389843269345,0.7557732642166423,-0.0062657201102922,0.9917776908541938,0.9999959983248192,0.0,stable_by_spectral_radius,ok,,no_h,broader_tuned_surface,outputs/overnight_sweeps/jsalt2_no_h_repaired_20260601
run_214__ridge_dmdc__pod3__dmdc4__delay1,ridge_dmdc,3.0,4,1,True,False,0.7620389843269345,0.7557732642166423,-0.0062657201102922,0.9917776908541938,0.9999959983248192,0.0,stable_by_spectral_radius,ok,,no_h,broader_tuned_surface,outputs/overnight_sweeps/jsalt2_no_h_repaired_20260601
run_226__ridge_dmdc__pod4__dmdc4__delay1,ridge_dmdc,4.0,4,1,True,False,0.7620389843269345,0.7557732642166423,-0.0062657201102922,0.9917776908541938,0.9999959983248192,0.0,stable_by_spectral_radius,ok,,no_h,broader_tuned_surface,outputs/overnight_sweeps/jsalt2_no_h_repaired_20260601
run_238__ridge_dmdc__pod0p999__dmdc4__delay1,ridge_dmdc,0.999,4,1,True,False,0.7620389843269345,0.7557732642166423,-0.0062657201102922,0.9917776908541938,0.9999959983248192,0.0,stable_by_spectral_radius,ok,,no_h,broader_tuned_surface,outputs/overnight_sweeps/jsalt2_no_h_repaired_20260601
run_154__dmdc__pod2__dmdc4__delay1,dmdc,2.0,4,1,True,False,0.7620393813258872,0.7557736633301233,-0.0062657179957639,0.9917776979125908,0.9999959983269276,0.0,stable_by_spectral_radius,ok,,no_h,broader_tuned_surface,outputs/overnight_sweeps/jsalt2_no_h_repaired_20260601
run_166__dmdc__pod3__dmdc4__delay1,dmdc,3.0,4,1,True,False,0.7620393813258872,0.7557736633301233,-0.0062657179957639,0.9917776979125908,0.9999959983269276,0.0,stable_by_spectral_radius,ok,,no_h,broader_tuned_surface,outputs/overnight_sweeps/jsalt2_no_h_repaired_20260601
run_178__dmdc__pod4__dmdc4__delay1,dmdc,4.0,4,1,True,False,0.7620393813258872,0.7557736633301233,-0.0062657179957639,0.9917776979125908,0.9999959983269276,0.0,stable_by_spectral_radius,ok,,no_h,broader_tuned_surface,outputs/overnight_sweeps/jsalt2_no_h_repaired_20260601
run_190__dmdc__pod0p999__dmdc4__delay1,dmdc,0.999,4,1,True,False,0.7620393813258872,0.7557736633301233,-0.0062657179957639,0.9917776979125908,0.9999959983269276,0.0,stable_by_spectral_radius,ok,,no_h,broader_tuned_surface,outputs/overnight_sweeps/jsalt2_no_h_repaired_20260601
run_105__adaptive_dmdc__pod2__dmdc3__delay4,adaptive_dmdc,2.0,3,4,True,False,0.761863823192628,0.760101951321264,-0.001761871871364,0.9976874189090896,0.0330542714267644,0.0,stable_by_spectral_radius,ok,,no_h,broader_tuned_surface,outputs/overnight_sweeps/jsalt2_no_h_repaired_20260601
run_117__adaptive_dmdc__pod3__dmdc3__delay4,adaptive_dmdc,3.0,3,4,True,False,0.761863823192628,0.760101951321264,-0.001761871871364,0.9976874189090896,0.0330542714267644,0.0,stable_by_spectral_radius,ok,,no_h,broader_tuned_surface,outputs/overnight_sweeps/jsalt2_no_h_repaired_20260601
run_129__adaptive_dmdc__pod4__dmdc3__delay4,adaptive_dmdc,4.0,3,4,True,False,0.761863823192628,0.760101951321264,-0.001761871871364,0.9976874189090896,0.0330542714267644,0.0,stable_by_spectral_radius,ok,,no_h,broader_tuned_surface,outputs/overnight_sweeps/jsalt2_no_h_repaired_20260601
run_141__adaptive_dmdc__pod0p999__dmdc3__delay4,adaptive_dmdc,0.999,3,4,True,False,0.761863823192628,0.760101951321264,-0.001761871871364,0.9976874189090896,0.0330542714267644,0.0,stable_by_spectral_radius,ok,,no_h,broader_tuned_surface,outputs/overnight_sweeps/jsalt2_no_h_repaired_20260601
run_097__adaptive_dmdc__pod2__dmdcfull__delay1,adaptive_dmdc,2.0,full,1,True,False,0.7755237790471443,0.7727588071114045,-0.0027649719357397,0.996434703860226,0.3193877156875302,0.0,stable_by_spectral_radius,ok,,no_h,broader_tuned_surface,outputs/overnight_sweeps/jsalt2_no_h_repaired_20260601
run_109__adaptive_dmdc__pod3__dmdcfull__delay1,adaptive_dmdc,3.0,full,1,True,False,0.7755237790471443,0.7727588071114045,-0.0027649719357397,0.996434703860226,0.3193877156875302,0.0,stable_by_spectral_radius,ok,,no_h,broader_tuned_surface,outputs/overnight_sweeps/jsalt2_no_h_repaired_20260601
run_121__adaptive_dmdc__pod4__dmdcfull__delay1,adaptive_dmdc,4.0,full,1,True,False,0.7755237790471443,0.7727588071114045,-0.0027649719357397,0.996434703860226,0.3193877156875302,0.0,stable_by_spectral_radius,ok,,no_h,broader_tuned_surface,outputs/overnight_sweeps/jsalt2_no_h_repaired_20260601
run_133__adaptive_dmdc__pod0p999__dmdcfull__delay1,adaptive_dmdc,0.999,full,1,True,False,0.7755237790471443,0.7727588071114045,-0.0027649719357397,0.996434703860226,0.3193877156875302,0.0,stable_by_spectral_radius,ok,,no_h,broader_tuned_surface,outputs/overnight_sweeps/jsalt2_no_h_repaired_20260601
run_201__ridge_dmdc__pod2__dmdc3__delay4,ridge_dmdc,2.0,3,4,True,False,0.8036191280775509,0.7943678373738706,-0.0092512907036802,0.988487966027126,0.9999956657293048,0.0,stable_by_spectral_radius,ok,,no_h,broader_tuned_surface,outputs/overnight_sweeps/jsalt2_no_h_repaired_20260601
run_213__ridge_dmdc__pod3__dmdc3__delay4,ridge_dmdc,3.0,3,4,True,False,0.8036191280775509,0.7943678373738706,-0.0092512907036802,0.988487966027126,0.9999956657293048,0.0,stable_by_spectral_radius,ok,,no_h,broader_tuned_surface,outputs/overnight_sweeps/jsalt2_no_h_repaired_20260601
run_225__ridge_dmdc__pod4__dmdc3__delay4,ridge_dmdc,4.0,3,4,True,False,0.8036191280775509,0.7943678373738706,-0.0092512907036802,0.988487966027126,0.9999956657293048,0.0,stable_by_spectral_radius,ok,,no_h,broader_tuned_surface,outputs/overnight_sweeps/jsalt2_no_h_repaired_20260601
run_237__ridge_dmdc__pod0p999__dmdc3__delay4,ridge_dmdc,0.999,3,4,True,False,0.8036191280775509,0.7943678373738706,-0.0092512907036802,0.988487966027126,0.9999956657293048,0.0,stable_by_spectral_radius,ok,,no_h,broader_tuned_surface,outputs/overnight_sweeps/jsalt2_no_h_repaired_20260601
run_153__dmdc__pod2__dmdc3__delay4,dmdc,2.0,3,4,True,False,0.8036191686141078,0.7943678756737235,-0.0092512929403842,0.9884879638245332,0.999995665729206,0.0,stable_by_spectral_radius,ok,,no_h,broader_tuned_surface,outputs/overnight_sweeps/jsalt2_no_h_repaired_20260601
run_165__dmdc__pod3__dmdc3__delay4,dmdc,3.0,3,4,True,False,0.8036191686141078,0.7943678756737235,-0.0092512929403842,0.9884879638245332,0.999995665729206,0.0,stable_by_spectral_radius,ok,,no_h,broader_tuned_surface,outputs/overnight_sweeps/jsalt2_no_h_repaired_20260601
run_177__dmdc__pod4__dmdc3__delay4,dmdc,4.0,3,4,True,False,0.8036191686141078,0.7943678756737235,-0.0092512929403842,0.9884879638245332,0.999995665729206,0.0,stable_by_spectral_radius,ok,,no_h,broader_tuned_surface,outputs/overnight_sweeps/jsalt2_no_h_repaired_20260601
run_189__dmdc__pod0p999__dmdc3__delay4,dmdc,0.999,3,4,True,False,0.8036191686141078,0.7943678756737235,-0.0092512929403842,0.9884879638245332,0.999995665729206,0.0,stable_by_spectral_radius,ok,,no_h,broader_tuned_surface,outputs/overnight_sweeps/jsalt2_no_h_repaired_20260601
run_051__mean__pod2__dmdcfull__delay4,mean,2.0,full,4,True,False,0.7925761676253632,0.7960493903966448,0.0034732227712815,1.0043821943090816,,,not_applicable,ok,,no_h,broader_tuned_surface,outputs/overnight_sweeps/jsalt2_no_h_repaired_20260601
run_054__mean__pod2__dmdc2__delay4,mean,2.0,2,4,True,False,0.7925761676253632,0.7960493903966448,0.0034732227712815,1.0043821943090816,,,not_applicable,ok,,no_h,broader_tuned_surface,outputs/overnight_sweeps/jsalt2_no_h_repaired_20260601
run_057__mean__pod2__dmdc3__delay4,mean,2.0,3,4,True,False,0.7925761676253632,0.7960493903966448,0.0034732227712815,1.0043821943090816,,,not_applicable,ok,,no_h,broader_tuned_surface,outputs/overnight_sweeps/jsalt2_no_h_repaired_20260601
run_060__mean__pod2__dmdc4__delay4,mean,2.0,4,4,True,False,0.7925761676253632,0.7960493903966448,0.0034732227712815,1.0043821943090816,,,not_applicable,ok,,no_h,broader_tuned_surface,outputs/overnight_sweeps/jsalt2_no_h_repaired_20260601
run_063__mean__pod3__dmdcfull__delay4,mean,3.0,full,4,True,False,0.7925761676253632,0.7960493903966448,0.0034732227712815,1.0043821943090816,,,not_applicable,ok,,no_h,broader_tuned_surface,outputs/overnight_sweeps/jsalt2_no_h_repaired_20260601
run_066__mean__pod3__dmdc2__delay4,mean,3.0,2,4,True,False,0.7925761676253632,0.7960493903966448,0.0034732227712815,1.0043821943090816,,,not_applicable,ok,,no_h,broader_tuned_surface,outputs/overnight_sweeps/jsalt2_no_h_repaired_20260601
run_069__mean__pod3__dmdc3__delay4,mean,3.0,3,4,True,False,0.7925761676253632,0.7960493903966448,0.0034732227712815,1.0043821943090816,,,not_applicable,ok,,no_h,broader_tuned_surface,outputs/overnight_sweeps/jsalt2_no_h_repaired_20260601
run_072__mean__pod3__dmdc4__delay4,mean,3.0,4,4,True,False,0.7925761676253632,0.7960493903966448,0.0034732227712815,1.0043821943090816,,,not_applicable,ok,,no_h,broader_tuned_surface,outputs/overnight_sweeps/jsalt2_no_h_repaired_20260601
run_075__mean__pod4__dmdcfull__delay4,mean,4.0,full,4,True,False,0.7925761676253632,0.7960493903966448,0.0034732227712815,1.0043821943090816,,,not_applicable,ok,,no_h,broader_tuned_surface,outputs/overnight_sweeps/jsalt2_no_h_repaired_20260601
run_078__mean__pod4__dmdc2__delay4,mean,4.0,2,4,True,False,0.7925761676253632,0.7960493903966448,0.0034732227712815,1.0043821943090816,,,not_applicable,ok,,no_h,broader_tuned_surface,outputs/overnight_sweeps/jsalt2_no_h_repaired_20260601
run_081__mean__pod4__dmdc3__delay4,mean,4.0,3,4,True,False,0.7925761676253632,0.7960493903966448,0.0034732227712815,1.0043821943090816,,,not_applicable,ok,,no_h,broader_tuned_surface,outputs/overnight_sweeps/jsalt2_no_h_repaired_20260601
run_084__mean__pod4__dmdc4__delay4,mean,4.0,4,4,True,False,0.7925761676253632,0.7960493903966448,0.0034732227712815,1.0043821943090816,,,not_applicable,ok,,no_h,broader_tuned_surface,outputs/overnight_sweeps/jsalt2_no_h_repaired_20260601
run_087__mean__pod0p999__dmdcfull__delay4,mean,0.999,full,4,True,False,0.7925761676253632,0.7960493903966448,0.0034732227712815,1.0043821943090816,,,not_applicable,ok,,no_h,broader_tuned_surface,outputs/overnight_sweeps/jsalt2_no_h_repaired_20260601
run_090__mean__pod0p999__dmdc2__delay4,mean,0.999,2,4,True,False,0.7925761676253632,0.7960493903966448,0.0034732227712815,1.0043821943090816,,,not_applicable,ok,,no_h,broader_tuned_surface,outputs/overnight_sweeps/jsalt2_no_h_repaired_20260601
run_093__mean__pod0p999__dmdc3__delay4,mean,0.999,3,4,True,False,0.7925761676253632,0.7960493903966448,0.0034732227712815,1.0043821943090816,,,not_applicable,ok,,no_h,broader_tuned_surface,outputs/overnight_sweeps/jsalt2_no_h_repaired_20260601
run_096__mean__pod0p999__dmdc4__delay4,mean,0.999,4,4,True,False,0.7925761676253632,0.7960493903966448,0.0034732227712815,1.0043821943090816,,,not_applicable,ok,,no_h,broader_tuned_surface,outputs/overnight_sweeps/jsalt2_no_h_repaired_20260601
run_050__mean__pod2__dmdcfull__delay2,mean,2.0,full,2,True,False,0.7967454636821331,0.8001622175794658,0.0034167538973327,1.0042883882658613,,,not_applicable,ok,,no_h,broader_tuned_surface,outputs/overnight_sweeps/jsalt2_no_h_repaired_20260601
run_053__mean__pod2__dmdc2__delay2,mean,2.0,2,2,True,False,0.7967454636821331,0.8001622175794658,0.0034167538973327,1.0042883882658613,,,not_applicable,ok,,no_h,broader_tuned_surface,outputs/overnight_sweeps/jsalt2_no_h_repaired_20260601
run_056__mean__pod2__dmdc3__delay2,mean,2.0,3,2,True,False,0.7967454636821331,0.8001622175794658,0.0034167538973327,1.0042883882658613,,,not_applicable,ok,,no_h,broader_tuned_surface,outputs/overnight_sweeps/jsalt2_no_h_repaired_20260601
run_059__mean__pod2__dmdc4__delay2,mean,2.0,4,2,True,False,0.7967454636821331,0.8001622175794658,0.0034167538973327,1.0042883882658613,,,not_applicable,ok,,no_h,broader_tuned_surface,outputs/overnight_sweeps/jsalt2_no_h_repaired_20260601
run_062__mean__pod3__dmdcfull__delay2,mean,3.0,full,2,True,False,0.7967454636821331,0.8001622175794658,0.0034167538973327,1.0042883882658613,,,not_applicable,ok,,no_h,broader_tuned_surface,outputs/overnight_sweeps/jsalt2_no_h_repaired_20260601
run_065__mean__pod3__dmdc2__delay2,mean,3.0,2,2,True,False,0.7967454636821331,0.8001622175794658,0.0034167538973327,1.0042883882658613,,,not_applicable,ok,,no_h,broader_tuned_surface,outputs/overnight_sweeps/jsalt2_no_h_repaired_20260601
run_068__mean__pod3__dmdc3__delay2,mean,3.0,3,2,True,False,0.7967454636821331,0.8001622175794658,0.0034167538973327,1.0042883882658613,,,not_applicable,ok,,no_h,broader_tuned_surface,outputs/overnight_sweeps/jsalt2_no_h_repaired_20260601
run_071__mean__pod3__dmdc4__delay2,mean,3.0,4,2,True,False,0.7967454636821331,0.8001622175794658,0.0034167538973327,1.0042883882658613,,,not_applicable,ok,,no_h,broader_tuned_surface,outputs/overnight_sweeps/jsalt2_no_h_repaired_20260601
run_074__mean__pod4__dmdcfull__delay2,mean,4.0,full,2,True,False,0.7967454636821331,0.8001622175794658,0.0034167538973327,1.0042883882658613,,,not_applicable,ok,,no_h,broader_tuned_surface,outputs/overnight_sweeps/jsalt2_no_h_repaired_20260601
run_077__mean__pod4__dmdc2__delay2,mean,4.0,2,2,True,False,0.7967454636821331,0.8001622175794658,0.0034167538973327,1.0042883882658613,,,not_applicable,ok,,no_h,broader_tuned_surface,outputs/overnight_sweeps/jsalt2_no_h_repaired_20260601
run_080__mean__pod4__dmdc3__delay2,mean,4.0,3,2,True,False,0.7967454636821331,0.8001622175794658,0.0034167538973327,1.0042883882658613,,,not_applicable,ok,,no_h,broader_tuned_surface,outputs/overnight_sweeps/jsalt2_no_h_repaired_20260601
run_083__mean__pod4__dmdc4__delay2,mean,4.0,4,2,True,False,0.7967454636821331,0.8001622175794658,0.0034167538973327,1.0042883882658613,,,not_applicable,ok,,no_h,broader_tuned_surface,outputs/overnight_sweeps/jsalt2_no_h_repaired_20260601
run_086__mean__pod0p999__dmdcfull__delay2,mean,0.999,full,2,True,False,0.7967454636821331,0.8001622175794658,0.0034167538973327,1.0042883882658613,,,not_applicable,ok,,no_h,broader_tuned_surface,outputs/overnight_sweeps/jsalt2_no_h_repaired_20260601
run_089__mean__pod0p999__dmdc2__delay2,mean,0.999,2,2,True,False,0.7967454636821331,0.8001622175794658,0.0034167538973327,1.0042883882658613,,,not_applicable,ok,,no_h,broader_tuned_surface,outputs/overnight_sweeps/jsalt2_no_h_repaired_20260601
run_092__mean__pod0p999__dmdc3__delay2,mean,0.999,3,2,True,False,0.7967454636821331,0.8001622175794658,0.0034167538973327,1.0042883882658613,,,not_applicable,ok,,no_h,broader_tuned_surface,outputs/overnight_sweeps/jsalt2_no_h_repaired_20260601
run_095__mean__pod0p999__dmdc4__delay2,mean,0.999,4,2,True,False,0.7967454636821331,0.8001622175794658,0.0034167538973327,1.0042883882658613,,,not_applicable,ok,,no_h,broader_tuned_surface,outputs/overnight_sweeps/jsalt2_no_h_repaired_20260601
run_200__ridge_dmdc__pod2__dmdc3__delay2,ridge_dmdc,2.0,3,2,True,False,0.8096853282415912,0.8008881800150663,-0.0087971482265248,0.9891351023420052,0.999995661669662,0.0,stable_by_spectral_radius,ok,,no_h,broader_tuned_surface,outputs/overnight_sweeps/jsalt2_no_h_repaired_20260601
run_212__ridge_dmdc__pod3__dmdc3__delay2,ridge_dmdc,3.0,3,2,True,False,0.8096853282415912,0.8008881800150663,-0.0087971482265248,0.9891351023420052,0.999995661669662,0.0,stable_by_spectral_radius,ok,,no_h,broader_tuned_surface,outputs/overnight_sweeps/jsalt2_no_h_repaired_20260601
run_224__ridge_dmdc__pod4__dmdc3__delay2,ridge_dmdc,4.0,3,2,True,False,0.8096853282415912,0.8008881800150663,-0.0087971482265248,0.9891351023420052,0.999995661669662,0.0,stable_by_spectral_radius,ok,,no_h,broader_tuned_surface,outputs/overnight_sweeps/jsalt2_no_h_repaired_20260601
run_236__ridge_dmdc__pod0p999__dmdc3__delay2,ridge_dmdc,0.999,3,2,True,False,0.8096853282415912,0.8008881800150663,-0.0087971482265248,0.9891351023420052,0.999995661669662,0.0,stable_by_spectral_radius,ok,,no_h,broader_tuned_surface,outputs/overnight_sweeps/jsalt2_no_h_repaired_20260601
run_152__dmdc__pod2__dmdc3__delay2,dmdc,2.0,3,2,True,False,0.809685416500082,0.8008882641699189,-0.008797152330163,0.989135098458128,0.9999956616694584,0.0,stable_by_spectral_radius,ok,,no_h,broader_tuned_surface,outputs/overnight_sweeps/jsalt2_no_h_repaired_20260601
run_164__dmdc__pod3__dmdc3__delay2,dmdc,3.0,3,2,True,False,0.809685416500082,0.8008882641699189,-0.008797152330163,0.989135098458128,0.9999956616694584,0.0,stable_by_spectral_radius,ok,,no_h,broader_tuned_surface,outputs/overnight_sweeps/jsalt2_no_h_repaired_20260601
run_176__dmdc__pod4__dmdc3__delay2,dmdc,4.0,3,2,True,False,0.809685416500082,0.8008882641699189,-0.008797152330163,0.989135098458128,0.9999956616694584,0.0,stable_by_spectral_radius,ok,,no_h,broader_tuned_surface,outputs/overnight_sweeps/jsalt2_no_h_repaired_20260601
run_188__dmdc__pod0p999__dmdc3__delay2,dmdc,0.999,3,2,True,False,0.809685416500082,0.8008882641699189,-0.008797152330163,0.989135098458128,0.9999956616694584,0.0,stable_by_spectral_radius,ok,,no_h,broader_tuned_surface,outputs/overnight_sweeps/jsalt2_no_h_repaired_20260601
run_049__mean__pod2__dmdcfull__delay1,mean,2.0,full,1,True,False,0.798808447670388,0.8022049208417364,0.0033964731713483,1.0042519244522936,,,not_applicable,ok,,no_h,broader_tuned_surface,outputs/overnight_sweeps/jsalt2_no_h_repaired_20260601
run_052__mean__pod2__dmdc2__delay1,mean,2.0,2,1,True,False,0.798808447670388,0.8022049208417364,0.0033964731713483,1.0042519244522936,,,not_applicable,ok,,no_h,broader_tuned_surface,outputs/overnight_sweeps/jsalt2_no_h_repaired_20260601
run_055__mean__pod2__dmdc3__delay1,mean,2.0,3,1,True,False,0.798808447670388,0.8022049208417364,0.0033964731713483,1.0042519244522936,,,not_applicable,ok,,no_h,broader_tuned_surface,outputs/overnight_sweeps/jsalt2_no_h_repaired_20260601
run_058__mean__pod2__dmdc4__delay1,mean,2.0,4,1,True,False,0.798808447670388,0.8022049208417364,0.0033964731713483,1.0042519244522936,,,not_applicable,ok,,no_h,broader_tuned_surface,outputs/overnight_sweeps/jsalt2_no_h_repaired_20260601
run_061__mean__pod3__dmdcfull__delay1,mean,3.0,full,1,True,False,0.798808447670388,0.8022049208417364,0.0033964731713483,1.0042519244522936,,,not_applicable,ok,,no_h,broader_tuned_surface,outputs/overnight_sweeps/jsalt2_no_h_repaired_20260601
run_064__mean__pod3__dmdc2__delay1,mean,3.0,2,1,True,False,0.798808447670388,0.8022049208417364,0.0033964731713483,1.0042519244522936,,,not_applicable,ok,,no_h,broader_tuned_surface,outputs/overnight_sweeps/jsalt2_no_h_repaired_20260601
run_067__mean__pod3__dmdc3__delay1,mean,3.0,3,1,True,False,0.798808447670388,0.8022049208417364,0.0033964731713483,1.0042519244522936,,,not_applicable,ok,,no_h,broader_tuned_surface,outputs/overnight_sweeps/jsalt2_no_h_repaired_20260601
run_070__mean__pod3__dmdc4__delay1,mean,3.0,4,1,True,False,0.798808447670388,0.8022049208417364,0.0033964731713483,1.0042519244522936,,,not_applicable,ok,,no_h,broader_tuned_surface,outputs/overnight_sweeps/jsalt2_no_h_repaired_20260601
run_073__mean__pod4__dmdcfull__delay1,mean,4.0,full,1,True,False,0.798808447670388,0.8022049208417364,0.0033964731713483,1.0042519244522936,,,not_applicable,ok,,no_h,broader_tuned_surface,outputs/overnight_sweeps/jsalt2_no_h_repaired_20260601
run_076__mean__pod4__dmdc2__delay1,mean,4.0,2,1,True,False,0.798808447670388,0.8022049208417364,0.0033964731713483,1.0042519244522936,,,not_applicable,ok,,no_h,broader_tuned_surface,outputs/overnight_sweeps/jsalt2_no_h_repaired_20260601
run_079__mean__pod4__dmdc3__delay1,mean,4.0,3,1,True,False,0.798808447670388,0.8022049208417364,0.0033964731713483,1.0042519244522936,,,not_applicable,ok,,no_h,broader_tuned_surface,outputs/overnight_sweeps/jsalt2_no_h_repaired_20260601
run_082__mean__pod4__dmdc4__delay1,mean,4.0,4,1,True,False,0.798808447670388,0.8022049208417364,0.0033964731713483,1.0042519244522936,,,not_applicable,ok,,no_h,broader_tuned_surface,outputs/overnight_sweeps/jsalt2_no_h_repaired_20260601
run_085__mean__pod0p999__dmdcfull__delay1,mean,0.999,full,1,True,False,0.798808447670388,0.8022049208417364,0.0033964731713483,1.0042519244522936,,,not_applicable,ok,,no_h,broader_tuned_surface,outputs/overnight_sweeps/jsalt2_no_h_repaired_20260601
run_088__mean__pod0p999__dmdc2__delay1,mean,0.999,2,1,True,False,0.798808447670388,0.8022049208417364,0.0033964731713483,1.0042519244522936,,,not_applicable,ok,,no_h,broader_tuned_surface,outputs/overnight_sweeps/jsalt2_no_h_repaired_20260601
run_091__mean__pod0p999__dmdc3__delay1,mean,0.999,3,1,True,False,0.798808447670388,0.8022049208417364,0.0033964731713483,1.0042519244522936,,,not_applicable,ok,,no_h,broader_tuned_surface,outputs/overnight_sweeps/jsalt2_no_h_repaired_20260601
run_094__mean__pod0p999__dmdc4__delay1,mean,0.999,4,1,True,False,0.798808447670388,0.8022049208417364,0.0033964731713483,1.0042519244522936,,,not_applicable,ok,,no_h,broader_tuned_surface,outputs/overnight_sweeps/jsalt2_no_h_repaired_20260601
run_199__ridge_dmdc__pod2__dmdc3__delay1,ridge_dmdc,2.0,3,1,True,False,0.8132742230453591,0.8056159349148125,-0.0076582881305465,0.9905833876034216,0.999995655383228,0.0,stable_by_spectral_radius,ok,,no_h,broader_tuned_surface,outputs/overnight_sweeps/jsalt2_no_h_repaired_20260601
run_211__ridge_dmdc__pod3__dmdc3__delay1,ridge_dmdc,3.0,3,1,True,False,0.8132742230453591,0.8056159349148125,-0.0076582881305465,0.9905833876034216,0.999995655383228,0.0,stable_by_spectral_radius,ok,,no_h,broader_tuned_surface,outputs/overnight_sweeps/jsalt2_no_h_repaired_20260601
run_223__ridge_dmdc__pod4__dmdc3__delay1,ridge_dmdc,4.0,3,1,True,False,0.8132742230453591,0.8056159349148125,-0.0076582881305465,0.9905833876034216,0.999995655383228,0.0,stable_by_spectral_radius,ok,,no_h,broader_tuned_surface,outputs/overnight_sweeps/jsalt2_no_h_repaired_20260601
run_235__ridge_dmdc__pod0p999__dmdc3__delay1,ridge_dmdc,0.999,3,1,True,False,0.8132742230453591,0.8056159349148125,-0.0076582881305465,0.9905833876034216,0.999995655383228,0.0,stable_by_spectral_radius,ok,,no_h,broader_tuned_surface,outputs/overnight_sweeps/jsalt2_no_h_repaired_20260601
run_151__dmdc__pod2__dmdc3__delay1,dmdc,2.0,3,1,True,False,0.8132744064673378,0.8056161105909685,-0.0076582958763693,0.9905833802029562,0.9999956553828137,0.0,stable_by_spectral_radius,ok,,no_h,broader_tuned_surface,outputs/overnight_sweeps/jsalt2_no_h_repaired_20260601
run_163__dmdc__pod3__dmdc3__delay1,dmdc,3.0,3,1,True,False,0.8132744064673378,0.8056161105909685,-0.0076582958763693,0.9905833802029562,0.9999956553828137,0.0,stable_by_spectral_radius,ok,,no_h,broader_tuned_surface,outputs/overnight_sweeps/jsalt2_no_h_repaired_20260601
run_175__dmdc__pod4__dmdc3__delay1,dmdc,4.0,3,1,True,False,0.8132744064673378,0.8056161105909685,-0.0076582958763693,0.9905833802029562,0.9999956553828137,0.0,stable_by_spectral_radius,ok,,no_h,broader_tuned_surface,outputs/overnight_sweeps/jsalt2_no_h_repaired_20260601
run_187__dmdc__pod0p999__dmdc3__delay1,dmdc,0.999,3,1,True,False,0.8132744064673378,0.8056161105909685,-0.0076582958763693,0.9905833802029562,0.9999956553828137,0.0,stable_by_spectral_radius,ok,,no_h,broader_tuned_surface,outputs/overnight_sweeps/jsalt2_no_h_repaired_20260601
run_193__ridge_dmdc__pod2__dmdcfull__delay1,ridge_dmdc,2.0,full,1,True,False,0.8237831281814137,0.8181339618600753,-0.0056491663213384,0.9931424107534108,0.9999954318970148,0.0,stable_by_spectral_radius,ok,,no_h,broader_tuned_surface,outputs/overnight_sweeps/jsalt2_no_h_repaired_20260601
run_205__ridge_dmdc__pod3__dmdcfull__delay1,ridge_dmdc,3.0,full,1,True,False,0.8237831281814137,0.8181339618600753,-0.0056491663213384,0.9931424107534108,0.9999954318970148,0.0,stable_by_spectral_radius,ok,,no_h,broader_tuned_surface,outputs/overnight_sweeps/jsalt2_no_h_repaired_20260601
run_217__ridge_dmdc__pod4__dmdcfull__delay1,ridge_dmdc,4.0,full,1,True,False,0.8237831281814137,0.8181339618600753,-0.0056491663213384,0.9931424107534108,0.9999954318970148,0.0,stable_by_spectral_radius,ok,,no_h,broader_tuned_surface,outputs/overnight_sweeps/jsalt2_no_h_repaired_20260601
run_229__ridge_dmdc__pod0p999__dmdcfull__delay1,ridge_dmdc,0.999,full,1,True,False,0.8237831281814137,0.8181339618600753,-0.0056491663213384,0.9931424107534108,0.9999954318970148,0.0,stable_by_spectral_radius,ok,,no_h,broader_tuned_surface,outputs/overnight_sweeps/jsalt2_no_h_repaired_20260601
run_145__dmdc__pod2__dmdcfull__delay1,dmdc,2.0,full,1,True,False,0.8905320011012575,0.8848679371946673,-0.0056640639065902,0.9936396851549568,0.9999949231383518,0.0,stable_by_spectral_radius,ok,,no_h,broader_tuned_surface,outputs/overnight_sweeps/jsalt2_no_h_repaired_20260601
run_157__dmdc__pod3__dmdcfull__delay1,dmdc,3.0,full,1,True,False,0.8905320011012575,0.8848679371946673,-0.0056640639065902,0.9936396851549568,0.9999949231383518,0.0,stable_by_spectral_radius,ok,,no_h,broader_tuned_surface,outputs/overnight_sweeps/jsalt2_no_h_repaired_20260601
run_169__dmdc__pod4__dmdcfull__delay1,dmdc,4.0,full,1,True,False,0.8905320011012575,0.8848679371946673,-0.0056640639065902,0.9936396851549568,0.9999949231383518,0.0,stable_by_spectral_radius,ok,,no_h,broader_tuned_surface,outputs/overnight_sweeps/jsalt2_no_h_repaired_20260601
run_181__dmdc__pod0p999__dmdcfull__delay1,dmdc,0.999,full,1,True,False,0.8905320011012575,0.8848679371946673,-0.0056640639065902,0.9936396851549568,0.9999949231383518,0.0,stable_by_spectral_radius,ok,,no_h,broader_tuned_surface,outputs/overnight_sweeps/jsalt2_no_h_repaired_20260601
run_196__ridge_dmdc__pod2__dmdc2__delay1,ridge_dmdc,2.0,2,1,True,False,1.445689999297538,1.4396355678404085,-0.0060544314571295,0.99581208180172,0.9999915450427084,0.0,stable_by_spectral_radius,ok,,no_h,broader_tuned_surface,outputs/overnight_sweeps/jsalt2_no_h_repaired_20260601
run_208__ridge_dmdc__pod3__dmdc2__delay1,ridge_dmdc,3.0,2,1,True,False,1.445689999297538,1.4396355678404085,-0.0060544314571295,0.99581208180172,0.9999915450427084,0.0,stable_by_spectral_radius,ok,,no_h,broader_tuned_surface,outputs/overnight_sweeps/jsalt2_no_h_repaired_20260601
run_220__ridge_dmdc__pod4__dmdc2__delay1,ridge_dmdc,4.0,2,1,True,False,1.445689999297538,1.4396355678404085,-0.0060544314571295,0.99581208180172,0.9999915450427084,0.0,stable_by_spectral_radius,ok,,no_h,broader_tuned_surface,outputs/overnight_sweeps/jsalt2_no_h_repaired_20260601
run_232__ridge_dmdc__pod0p999__dmdc2__delay1,ridge_dmdc,0.999,2,1,True,False,1.445689999297538,1.4396355678404085,-0.0060544314571295,0.99581208180172,0.9999915450427084,0.0,stable_by_spectral_radius,ok,,no_h,broader_tuned_surface,outputs/overnight_sweeps/jsalt2_no_h_repaired_20260601
run_148__dmdc__pod2__dmdc2__delay1,dmdc,2.0,2,1,True,False,1.4456912302223657,1.4396367962878809,-0.0060544339344845,0.9958120836538842,0.9999915450321324,0.0,stable_by_spectral_radius,ok,,no_h,broader_tuned_surface,outputs/overnight_sweeps/jsalt2_no_h_repaired_20260601
run_160__dmdc__pod3__dmdc2__delay1,dmdc,3.0,2,1,True,False,1.4456912302223657,1.4396367962878809,-0.0060544339344845,0.9958120836538842,0.9999915450321324,0.0,stable_by_spectral_radius,ok,,no_h,broader_tuned_surface,outputs/overnight_sweeps/jsalt2_no_h_repaired_20260601
run_172__dmdc__pod4__dmdc2__delay1,dmdc,4.0,2,1,True,False,1.4456912302223657,1.4396367962878809,-0.0060544339344845,0.9958120836538842,0.9999915450321324,0.0,stable_by_spectral_radius,ok,,no_h,broader_tuned_surface,outputs/overnight_sweeps/jsalt2_no_h_repaired_20260601
run_184__dmdc__pod0p999__dmdc2__delay1,dmdc,0.999,2,1,True,False,1.4456912302223657,1.4396367962878809,-0.0060544339344845,0.9958120836538842,0.9999915450321324,0.0,stable_by_spectral_radius,ok,,no_h,broader_tuned_surface,outputs/overnight_sweeps/jsalt2_no_h_repaired_20260601
run_197__ridge_dmdc__pod2__dmdc2__delay2,ridge_dmdc,2.0,2,2,True,False,1.4547507874782204,1.4471881131254554,-0.007562674352765,0.9948013952507462,0.9999914482056784,0.0,stable_by_spectral_radius,ok,,no_h,broader_tuned_surface,outputs/overnight_sweeps/jsalt2_no_h_repaired_20260601
run_209__ridge_dmdc__pod3__dmdc2__delay2,ridge_dmdc,3.0,2,2,True,False,1.4547507874782204,1.4471881131254554,-0.007562674352765,0.9948013952507462,0.9999914482056784,0.0,stable_by_spectral_radius,ok,,no_h,broader_tuned_surface,outputs/overnight_sweeps/jsalt2_no_h_repaired_20260601
run_221__ridge_dmdc__pod4__dmdc2__delay2,ridge_dmdc,4.0,2,2,True,False,1.4547507874782204,1.4471881131254554,-0.007562674352765,0.9948013952507462,0.9999914482056784,0.0,stable_by_spectral_radius,ok,,no_h,broader_tuned_surface,outputs/overnight_sweeps/jsalt2_no_h_repaired_20260601
run_233__ridge_dmdc__pod0p999__dmdc2__delay2,ridge_dmdc,0.999,2,2,True,False,1.4547507874782204,1.4471881131254554,-0.007562674352765,0.9948013952507462,0.9999914482056784,0.0,stable_by_spectral_radius,ok,,no_h,broader_tuned_surface,outputs/overnight_sweeps/jsalt2_no_h_repaired_20260601
run_149__dmdc__pod2__dmdc2__delay2,dmdc,2.0,2,2,True,False,1.4547514162891804,1.447188740011734,-0.0075626762774463,0.9948013961747928,0.9999914482002392,0.0,stable_by_spectral_radius,ok,,no_h,broader_tuned_surface,outputs/overnight_sweeps/jsalt2_no_h_repaired_20260601
run_161__dmdc__pod3__dmdc2__delay2,dmdc,3.0,2,2,True,False,1.4547514162891804,1.447188740011734,-0.0075626762774463,0.9948013961747928,0.9999914482002392,0.0,stable_by_spectral_radius,ok,,no_h,broader_tuned_surface,outputs/overnight_sweeps/jsalt2_no_h_repaired_20260601
run_173__dmdc__pod4__dmdc2__delay2,dmdc,4.0,2,2,True,False,1.4547514162891804,1.447188740011734,-0.0075626762774463,0.9948013961747928,0.9999914482002392,0.0,stable_by_spectral_radius,ok,,no_h,broader_tuned_surface,outputs/overnight_sweeps/jsalt2_no_h_repaired_20260601
run_185__dmdc__pod0p999__dmdc2__delay2,dmdc,0.999,2,2,True,False,1.4547514162891804,1.447188740011734,-0.0075626762774463,0.9948013961747928,0.9999914482002392,0.0,stable_by_spectral_radius,ok,,no_h,broader_tuned_surface,outputs/overnight_sweeps/jsalt2_no_h_repaired_20260601
run_198__ridge_dmdc__pod2__dmdc2__delay4,ridge_dmdc,2.0,2,4,True,False,1.471423463934278,1.4610138527991554,-0.0104096111351226,0.9929254824391004,0.999991269024398,0.0,stable_by_spectral_radius,ok,,no_h,broader_tuned_surface,outputs/overnight_sweeps/jsalt2_no_h_repaired_20260601
run_210__ridge_dmdc__pod3__dmdc2__delay4,ridge_dmdc,3.0,2,4,True,False,1.471423463934278,1.4610138527991554,-0.0104096111351226,0.9929254824391004,0.999991269024398,0.0,stable_by_spectral_radius,ok,,no_h,broader_tuned_surface,outputs/overnight_sweeps/jsalt2_no_h_repaired_20260601
run_222__ridge_dmdc__pod4__dmdc2__delay4,ridge_dmdc,4.0,2,4,True,False,1.471423463934278,1.4610138527991554,-0.0104096111351226,0.9929254824391004,0.999991269024398,0.0,stable_by_spectral_radius,ok,,no_h,broader_tuned_surface,outputs/overnight_sweeps/jsalt2_no_h_repaired_20260601
run_234__ridge_dmdc__pod0p999__dmdc2__delay4,ridge_dmdc,0.999,2,4,True,False,1.471423463934278,1.4610138527991554,-0.0104096111351226,0.9929254824391004,0.999991269024398,0.0,stable_by_spectral_radius,ok,,no_h,broader_tuned_surface,outputs/overnight_sweeps/jsalt2_no_h_repaired_20260601
run_150__dmdc__pod2__dmdc2__delay4,dmdc,2.0,2,4,True,False,1.4714237906661276,1.4610141772639518,-0.0104096134021758,0.9929254824692868,0.9999912690215408,0.0,stable_by_spectral_radius,ok,,no_h,broader_tuned_surface,outputs/overnight_sweeps/jsalt2_no_h_repaired_20260601
run_162__dmdc__pod3__dmdc2__delay4,dmdc,3.0,2,4,True,False,1.4714237906661276,1.4610141772639518,-0.0104096134021758,0.9929254824692868,0.9999912690215408,0.0,stable_by_spectral_radius,ok,,no_h,broader_tuned_surface,outputs/overnight_sweeps/jsalt2_no_h_repaired_20260601
run_174__dmdc__pod4__dmdc2__delay4,dmdc,4.0,2,4,True,False,1.4714237906661276,1.4610141772639518,-0.0104096134021758,0.9929254824692868,0.9999912690215408,0.0,stable_by_spectral_radius,ok,,no_h,broader_tuned_surface,outputs/overnight_sweeps/jsalt2_no_h_repaired_20260601
run_186__dmdc__pod0p999__dmdc2__delay4,dmdc,0.999,2,4,True,False,1.4714237906661276,1.4610141772639518,-0.0104096134021758,0.9929254824692868,0.9999912690215408,0.0,stable_by_spectral_radius,ok,,no_h,broader_tuned_surface,outputs/overnight_sweeps/jsalt2_no_h_repaired_20260601
run_003__persistence__pod2__dmdcfull__delay4,persistence,2.0,full,4,True,False,2.7560920226077577,2.7550578742252494,-0.0010341483825082,0.9996247772664972,,,not_applicable,ok,,no_h,broader_tuned_surface,outputs/overnight_sweeps/jsalt2_no_h_repaired_20260601
run_006__persistence__pod2__dmdc2__delay4,persistence,2.0,2,4,True,False,2.7560920226077577,2.7550578742252494,-0.0010341483825082,0.9996247772664972,,,not_applicable,ok,,no_h,broader_tuned_surface,outputs/overnight_sweeps/jsalt2_no_h_repaired_20260601
run_009__persistence__pod2__dmdc3__delay4,persistence,2.0,3,4,True,False,2.7560920226077577,2.7550578742252494,-0.0010341483825082,0.9996247772664972,,,not_applicable,ok,,no_h,broader_tuned_surface,outputs/overnight_sweeps/jsalt2_no_h_repaired_20260601
run_012__persistence__pod2__dmdc4__delay4,persistence,2.0,4,4,True,False,2.7560920226077577,2.7550578742252494,-0.0010341483825082,0.9996247772664972,,,not_applicable,ok,,no_h,broader_tuned_surface,outputs/overnight_sweeps/jsalt2_no_h_repaired_20260601
run_015__persistence__pod3__dmdcfull__delay4,persistence,3.0,full,4,True,False,2.7560920226077577,2.7550578742252494,-0.0010341483825082,0.9996247772664972,,,not_applicable,ok,,no_h,broader_tuned_surface,outputs/overnight_sweeps/jsalt2_no_h_repaired_20260601
run_018__persistence__pod3__dmdc2__delay4,persistence,3.0,2,4,True,False,2.7560920226077577,2.7550578742252494,-0.0010341483825082,0.9996247772664972,,,not_applicable,ok,,no_h,broader_tuned_surface,outputs/overnight_sweeps/jsalt2_no_h_repaired_20260601
run_021__persistence__pod3__dmdc3__delay4,persistence,3.0,3,4,True,False,2.7560920226077577,2.7550578742252494,-0.0010341483825082,0.9996247772664972,,,not_applicable,ok,,no_h,broader_tuned_surface,outputs/overnight_sweeps/jsalt2_no_h_repaired_20260601
run_024__persistence__pod3__dmdc4__delay4,persistence,3.0,4,4,True,False,2.7560920226077577,2.7550578742252494,-0.0010341483825082,0.9996247772664972,,,not_applicable,ok,,no_h,broader_tuned_surface,outputs/overnight_sweeps/jsalt2_no_h_repaired_20260601
run_027__persistence__pod4__dmdcfull__delay4,persistence,4.0,full,4,True,False,2.7560920226077577,2.7550578742252494,-0.0010341483825082,0.9996247772664972,,,not_applicable,ok,,no_h,broader_tuned_surface,outputs/overnight_sweeps/jsalt2_no_h_repaired_20260601
run_030__persistence__pod4__dmdc2__delay4,persistence,4.0,2,4,True,False,2.7560920226077577,2.7550578742252494,-0.0010341483825082,0.9996247772664972,,,not_applicable,ok,,no_h,broader_tuned_surface,outputs/overnight_sweeps/jsalt2_no_h_repaired_20260601
run_033__persistence__pod4__dmdc3__delay4,persistence,4.0,3,4,True,False,2.7560920226077577,2.7550578742252494,-0.0010341483825082,0.9996247772664972,,,not_applicable,ok,,no_h,broader_tuned_surface,outputs/overnight_sweeps/jsalt2_no_h_repaired_20260601
run_036__persistence__pod4__dmdc4__delay4,persistence,4.0,4,4,True,False,2.7560920226077577,2.7550578742252494,-0.0010341483825082,0.9996247772664972,,,not_applicable,ok,,no_h,broader_tuned_surface,outputs/overnight_sweeps/jsalt2_no_h_repaired_20260601
run_039__persistence__pod0p999__dmdcfull__delay4,persistence,0.999,full,4,True,False,2.7560920226077577,2.7550578742252494,-0.0010341483825082,0.9996247772664972,,,not_applicable,ok,,no_h,broader_tuned_surface,outputs/overnight_sweeps/jsalt2_no_h_repaired_20260601
run_042__persistence__pod0p999__dmdc2__delay4,persistence,0.999,2,4,True,False,2.7560920226077577,2.7550578742252494,-0.0010341483825082,0.9996247772664972,,,not_applicable,ok,,no_h,broader_tuned_surface,outputs/overnight_sweeps/jsalt2_no_h_repaired_20260601
run_045__persistence__pod0p999__dmdc3__delay4,persistence,0.999,3,4,True,False,2.7560920226077577,2.7550578742252494,-0.0010341483825082,0.9996247772664972,,,not_applicable,ok,,no_h,broader_tuned_surface,outputs/overnight_sweeps/jsalt2_no_h_repaired_20260601
run_048__persistence__pod0p999__dmdc4__delay4,persistence,0.999,4,4,True,False,2.7560920226077577,2.7550578742252494,-0.0010341483825082,0.9996247772664972,,,not_applicable,ok,,no_h,broader_tuned_surface,outputs/overnight_sweeps/jsalt2_no_h_repaired_20260601
run_002__persistence__pod2__dmdcfull__delay2,persistence,2.0,full,2,True,False,2.7559433138895693,2.7587328033270273,0.002789489437458,1.001012172283588,,,not_applicable,ok,,no_h,broader_tuned_surface,outputs/overnight_sweeps/jsalt2_no_h_repaired_20260601
run_005__persistence__pod2__dmdc2__delay2,persistence,2.0,2,2,True,False,2.7559433138895693,2.7587328033270273,0.002789489437458,1.001012172283588,,,not_applicable,ok,,no_h,broader_tuned_surface,outputs/overnight_sweeps/jsalt2_no_h_repaired_20260601
run_008__persistence__pod2__dmdc3__delay2,persistence,2.0,3,2,True,False,2.7559433138895693,2.7587328033270273,0.002789489437458,1.001012172283588,,,not_applicable,ok,,no_h,broader_tuned_surface,outputs/overnight_sweeps/jsalt2_no_h_repaired_20260601
run_011__persistence__pod2__dmdc4__delay2,persistence,2.0,4,2,True,False,2.7559433138895693,2.7587328033270273,0.002789489437458,1.001012172283588,,,not_applicable,ok,,no_h,broader_tuned_surface,outputs/overnight_sweeps/jsalt2_no_h_repaired_20260601
run_014__persistence__pod3__dmdcfull__delay2,persistence,3.0,full,2,True,False,2.7559433138895693,2.7587328033270273,0.002789489437458,1.001012172283588,,,not_applicable,ok,,no_h,broader_tuned_surface,outputs/overnight_sweeps/jsalt2_no_h_repaired_20260601
run_017__persistence__pod3__dmdc2__delay2,persistence,3.0,2,2,True,False,2.7559433138895693,2.7587328033270273,0.002789489437458,1.001012172283588,,,not_applicable,ok,,no_h,broader_tuned_surface,outputs/overnight_sweeps/jsalt2_no_h_repaired_20260601
run_020__persistence__pod3__dmdc3__delay2,persistence,3.0,3,2,True,False,2.7559433138895693,2.7587328033270273,0.002789489437458,1.001012172283588,,,not_applicable,ok,,no_h,broader_tuned_surface,outputs/overnight_sweeps/jsalt2_no_h_repaired_20260601
run_023__persistence__pod3__dmdc4__delay2,persistence,3.0,4,2,True,False,2.7559433138895693,2.7587328033270273,0.002789489437458,1.001012172283588,,,not_applicable,ok,,no_h,broader_tuned_surface,outputs/overnight_sweeps/jsalt2_no_h_repaired_20260601
run_026__persistence__pod4__dmdcfull__delay2,persistence,4.0,full,2,True,False,2.7559433138895693,2.7587328033270273,0.002789489437458,1.001012172283588,,,not_applicable,ok,,no_h,broader_tuned_surface,outputs/overnight_sweeps/jsalt2_no_h_repaired_20260601
run_029__persistence__pod4__dmdc2__delay2,persistence,4.0,2,2,True,False,2.7559433138895693,2.7587328033270273,0.002789489437458,1.001012172283588,,,not_applicable,ok,,no_h,broader_tuned_surface,outputs/overnight_sweeps/jsalt2_no_h_repaired_20260601
run_032__persistence__pod4__dmdc3__delay2,persistence,4.0,3,2,True,False,2.7559433138895693,2.7587328033270273,0.002789489437458,1.001012172283588,,,not_applicable,ok,,no_h,broader_tuned_surface,outputs/overnight_sweeps/jsalt2_no_h_repaired_20260601
run_035__persistence__pod4__dmdc4__delay2,persistence,4.0,4,2,True,False,2.7559433138895693,2.7587328033270273,0.002789489437458,1.001012172283588,,,not_applicable,ok,,no_h,broader_tuned_surface,outputs/overnight_sweeps/jsalt2_no_h_repaired_20260601
run_038__persistence__pod0p999__dmdcfull__delay2,persistence,0.999,full,2,True,False,2.7559433138895693,2.7587328033270273,0.002789489437458,1.001012172283588,,,not_applicable,ok,,no_h,broader_tuned_surface,outputs/overnight_sweeps/jsalt2_no_h_repaired_20260601
run_041__persistence__pod0p999__dmdc2__delay2,persistence,0.999,2,2,True,False,2.7559433138895693,2.7587328033270273,0.002789489437458,1.001012172283588,,,not_applicable,ok,,no_h,broader_tuned_surface,outputs/overnight_sweeps/jsalt2_no_h_repaired_20260601
run_044__persistence__pod0p999__dmdc3__delay2,persistence,0.999,3,2,True,False,2.7559433138895693,2.7587328033270273,0.002789489437458,1.001012172283588,,,not_applicable,ok,,no_h,broader_tuned_surface,outputs/overnight_sweeps/jsalt2_no_h_repaired_20260601
run_047__persistence__pod0p999__dmdc4__delay2,persistence,0.999,4,2,True,False,2.7559433138895693,2.7587328033270273,0.002789489437458,1.001012172283588,,,not_applicable,ok,,no_h,broader_tuned_surface,outputs/overnight_sweeps/jsalt2_no_h_repaired_20260601
run_001__persistence__pod2__dmdcfull__delay1,persistence,2.0,full,1,True,False,2.758069941409867,2.7626817813380233,0.0046118399281565,1.0016721258075851,,,not_applicable,ok,,no_h,broader_tuned_surface,outputs/overnight_sweeps/jsalt2_no_h_repaired_20260601
run_004__persistence__pod2__dmdc2__delay1,persistence,2.0,2,1,True,False,2.758069941409867,2.7626817813380233,0.0046118399281565,1.0016721258075851,,,not_applicable,ok,,no_h,broader_tuned_surface,outputs/overnight_sweeps/jsalt2_no_h_repaired_20260601
run_007__persistence__pod2__dmdc3__delay1,persistence,2.0,3,1,True,False,2.758069941409867,2.7626817813380233,0.0046118399281565,1.0016721258075851,,,not_applicable,ok,,no_h,broader_tuned_surface,outputs/overnight_sweeps/jsalt2_no_h_repaired_20260601
run_010__persistence__pod2__dmdc4__delay1,persistence,2.0,4,1,True,False,2.758069941409867,2.7626817813380233,0.0046118399281565,1.0016721258075851,,,not_applicable,ok,,no_h,broader_tuned_surface,outputs/overnight_sweeps/jsalt2_no_h_repaired_20260601
run_013__persistence__pod3__dmdcfull__delay1,persistence,3.0,full,1,True,False,2.758069941409867,2.7626817813380233,0.0046118399281565,1.0016721258075851,,,not_applicable,ok,,no_h,broader_tuned_surface,outputs/overnight_sweeps/jsalt2_no_h_repaired_20260601
run_016__persistence__pod3__dmdc2__delay1,persistence,3.0,2,1,True,False,2.758069941409867,2.7626817813380233,0.0046118399281565,1.0016721258075851,,,not_applicable,ok,,no_h,broader_tuned_surface,outputs/overnight_sweeps/jsalt2_no_h_repaired_20260601
run_019__persistence__pod3__dmdc3__delay1,persistence,3.0,3,1,True,False,2.758069941409867,2.7626817813380233,0.0046118399281565,1.0016721258075851,,,not_applicable,ok,,no_h,broader_tuned_surface,outputs/overnight_sweeps/jsalt2_no_h_repaired_20260601
run_022__persistence__pod3__dmdc4__delay1,persistence,3.0,4,1,True,False,2.758069941409867,2.7626817813380233,0.0046118399281565,1.0016721258075851,,,not_applicable,ok,,no_h,broader_tuned_surface,outputs/overnight_sweeps/jsalt2_no_h_repaired_20260601
run_025__persistence__pod4__dmdcfull__delay1,persistence,4.0,full,1,True,False,2.758069941409867,2.7626817813380233,0.0046118399281565,1.0016721258075851,,,not_applicable,ok,,no_h,broader_tuned_surface,outputs/overnight_sweeps/jsalt2_no_h_repaired_20260601
run_028__persistence__pod4__dmdc2__delay1,persistence,4.0,2,1,True,False,2.758069941409867,2.7626817813380233,0.0046118399281565,1.0016721258075851,,,not_applicable,ok,,no_h,broader_tuned_surface,outputs/overnight_sweeps/jsalt2_no_h_repaired_20260601
run_031__persistence__pod4__dmdc3__delay1,persistence,4.0,3,1,True,False,2.758069941409867,2.7626817813380233,0.0046118399281565,1.0016721258075851,,,not_applicable,ok,,no_h,broader_tuned_surface,outputs/overnight_sweeps/jsalt2_no_h_repaired_20260601
run_034__persistence__pod4__dmdc4__delay1,persistence,4.0,4,1,True,False,2.758069941409867,2.7626817813380233,0.0046118399281565,1.0016721258075851,,,not_applicable,ok,,no_h,broader_tuned_surface,outputs/overnight_sweeps/jsalt2_no_h_repaired_20260601
run_037__persistence__pod0p999__dmdcfull__delay1,persistence,0.999,full,1,True,False,2.758069941409867,2.7626817813380233,0.0046118399281565,1.0016721258075851,,,not_applicable,ok,,no_h,broader_tuned_surface,outputs/overnight_sweeps/jsalt2_no_h_repaired_20260601
run_040__persistence__pod0p999__dmdc2__delay1,persistence,0.999,2,1,True,False,2.758069941409867,2.7626817813380233,0.0046118399281565,1.0016721258075851,,,not_applicable,ok,,no_h,broader_tuned_surface,outputs/overnight_sweeps/jsalt2_no_h_repaired_20260601
run_043__persistence__pod0p999__dmdc3__delay1,persistence,0.999,3,1,True,False,2.758069941409867,2.7626817813380233,0.0046118399281565,1.0016721258075851,,,not_applicable,ok,,no_h,broader_tuned_surface,outputs/overnight_sweeps/jsalt2_no_h_repaired_20260601
run_046__persistence__pod0p999__dmdc4__delay1,persistence,0.999,4,1,True,False,2.758069941409867,2.7626817813380233,0.0046118399281565,1.0016721258075851,,,not_applicable,ok,,no_h,broader_tuned_surface,outputs/overnight_sweeps/jsalt2_no_h_repaired_20260601
run_102__adaptive_dmdc__pod2__dmdc2__delay4,adaptive_dmdc,2.0,2,4,True,False,4.000118525988765,3.9829855526788194,-0.0171329733099456,0.9957168835876656,0.0053136501347834,0.0,stable_by_spectral_radius,ok,,no_h,broader_tuned_surface,outputs/overnight_sweeps/jsalt2_no_h_repaired_20260601
run_114__adaptive_dmdc__pod3__dmdc2__delay4,adaptive_dmdc,3.0,2,4,True,False,4.000118525988765,3.9829855526788194,-0.0171329733099456,0.9957168835876656,0.0053136501347834,0.0,stable_by_spectral_radius,ok,,no_h,broader_tuned_surface,outputs/overnight_sweeps/jsalt2_no_h_repaired_20260601
run_126__adaptive_dmdc__pod4__dmdc2__delay4,adaptive_dmdc,4.0,2,4,True,False,4.000118525988765,3.9829855526788194,-0.0171329733099456,0.9957168835876656,0.0053136501347834,0.0,stable_by_spectral_radius,ok,,no_h,broader_tuned_surface,outputs/overnight_sweeps/jsalt2_no_h_repaired_20260601
run_138__adaptive_dmdc__pod0p999__dmdc2__delay4,adaptive_dmdc,0.999,2,4,True,False,4.000118525988765,3.9829855526788194,-0.0171329733099456,0.9957168835876656,0.0053136501347834,0.0,stable_by_spectral_radius,ok,,no_h,broader_tuned_surface,outputs/overnight_sweeps/jsalt2_no_h_repaired_20260601
run_101__adaptive_dmdc__pod2__dmdc2__delay2,adaptive_dmdc,2.0,2,2,True,False,4.467422084701835,4.463666095976026,-0.0037559887258087,0.999159249192354,0.0052118330580813,0.0,stable_by_spectral_radius,ok,,no_h,broader_tuned_surface,outputs/overnight_sweeps/jsalt2_no_h_repaired_20260601
run_113__adaptive_dmdc__pod3__dmdc2__delay2,adaptive_dmdc,3.0,2,2,True,False,4.467422084701835,4.463666095976026,-0.0037559887258087,0.999159249192354,0.0052118330580813,0.0,stable_by_spectral_radius,ok,,no_h,broader_tuned_surface,outputs/overnight_sweeps/jsalt2_no_h_repaired_20260601
run_125__adaptive_dmdc__pod4__dmdc2__delay2,adaptive_dmdc,4.0,2,2,True,False,4.467422084701835,4.463666095976026,-0.0037559887258087,0.999159249192354,0.0052118330580813,0.0,stable_by_spectral_radius,ok,,no_h,broader_tuned_surface,outputs/overnight_sweeps/jsalt2_no_h_repaired_20260601
run_137__adaptive_dmdc__pod0p999__dmdc2__delay2,adaptive_dmdc,0.999,2,2,True,False,4.467422084701835,4.463666095976026,-0.0037559887258087,0.999159249192354,0.0052118330580813,0.0,stable_by_spectral_radius,ok,,no_h,broader_tuned_surface,outputs/overnight_sweeps/jsalt2_no_h_repaired_20260601
run_100__adaptive_dmdc__pod2__dmdc2__delay1,adaptive_dmdc,2.0,2,1,True,False,4.7084510412068505,4.707141179244958,-0.0013098619618929,0.9997218061841509,0.0052374556331796,0.0,stable_by_spectral_radius,ok,,no_h,broader_tuned_surface,outputs/overnight_sweeps/jsalt2_no_h_repaired_20260601
run_112__adaptive_dmdc__pod3__dmdc2__delay1,adaptive_dmdc,3.0,2,1,True,False,4.7084510412068505,4.707141179244958,-0.0013098619618929,0.9997218061841509,0.0052374556331796,0.0,stable_by_spectral_radius,ok,,no_h,broader_tuned_surface,outputs/overnight_sweeps/jsalt2_no_h_repaired_20260601
run_124__adaptive_dmdc__pod4__dmdc2__delay1,adaptive_dmdc,4.0,2,1,True,False,4.7084510412068505,4.707141179244958,-0.0013098619618929,0.9997218061841509,0.0052374556331796,0.0,stable_by_spectral_radius,ok,,no_h,broader_tuned_surface,outputs/overnight_sweeps/jsalt2_no_h_repaired_20260601
run_136__adaptive_dmdc__pod0p999__dmdc2__delay1,adaptive_dmdc,0.999,2,1,True,False,4.7084510412068505,4.707141179244958,-0.0013098619618929,0.9997218061841509,0.0052374556331796,0.0,stable_by_spectral_radius,ok,,no_h,broader_tuned_surface,outputs/overnight_sweeps/jsalt2_no_h_repaired_20260601
